Node,Demand,Pattern,Category
1,0.000634,Domestic,
1,0.000729,Domestic,
1,0.001332,Domestic,
1,0.001903,Domestic,
1,0.001966,Domestic,
1,0.004186,Domestic,
1,0.004852,Domestic,
1,0.005391,Domestic,
10,3.20E-05,Domestic,
10,0.000317,Domestic,
10,0.001776,Domestic,
10,0.001776,Domestic,
10,0.002917,Domestic,
10,0.004471,Domestic,
10,0.005105,Domestic,
10,0.006501,Domestic,
100,9.50E-05,Domestic,
100,0.000602,Domestic,
100,0.000666,Domestic,
100,0.000729,Domestic,
100,0.000729,Domestic,
100,0.000856,Domestic,
100,0.000888,Domestic,
100,0.00111,Domestic,
100,0.001205,Domestic,
100,0.001268,Domestic,
100,0.001871,Domestic,
100,0.002029,Domestic,
100,0.002061,Domestic,
100,0.002251,Domestic,
100,0.002283,Domestic,
100,0.002473,Domestic,
100,0.002664,Domestic,
100,0.002695,Domestic,
100,0.002822,Domestic,
100,0.003076,Domestic,
100,0.003076,Domestic,
100,0.003234,Domestic,
100,0.003361,Domestic,
100,0.003773,Domestic,
100,0.003869,Domestic,
100,0.003964,Domestic,
100,0.004059,Domestic,
100,0.004154,Domestic,
100,0.004249,Domestic,
100,0.004471,Domestic,
100,0.005074,Domestic,
100,0.005105,Domestic,
100,0.005327,Domestic,
100,0.006532,Domestic,
100,0.016711,Domestic,
101,0.002029,Domestic,
101,0.002981,Domestic,
101,0.002981,Domestic,
101,0.003393,Domestic,
101,0.004344,Domestic,
101,0.005391,Domestic,
101,0.005676,Domestic,
102,0.000729,Domestic,
102,0.001332,Domestic,
102,0.002251,Domestic,
102,0.002917,Domestic,
102,0.002917,Domestic,
102,0.003837,Domestic,
102,0.004756,Domestic,
102,0.006215,Domestic,
102,0.007864,Domestic,
103,3.20E-05,Domestic,
103,6.30E-05,Domestic,
103,6.30E-05,Domestic,
103,0.000127,Domestic,
103,0.000127,Domestic,
103,0.000317,Domestic,
103,0.000412,Domestic,
103,0.000761,Domestic,
103,0.000983,Domestic,
103,0.000983,Domestic,
103,0.001078,Domestic,
103,0.001205,Domestic,
103,0.001427,Domestic,
103,0.001522,Domestic,
103,0.001585,Domestic,
103,0.001585,Domestic,
103,0.001617,Domestic,
103,0.001617,Domestic,
103,0.001681,Domestic,
103,0.001776,Domestic,
103,0.001807,Domestic,
103,0.001839,Domestic,
103,0.001871,Domestic,
103,0.002188,Domestic,
103,0.002505,Domestic,
103,0.002632,Domestic,
103,0.002695,Domestic,
103,0.002727,Domestic,
103,0.00279,Domestic,
103,0.00279,Domestic,
103,0.00279,Domestic,
103,0.002886,Domestic,
103,0.002949,Domestic,
103,0.003044,Domestic,
103,0.003108,Domestic,
103,0.003203,Domestic,
103,0.00333,Domestic,
103,0.003488,Domestic,
103,0.003551,Domestic,
103,0.003773,Domestic,
103,0.003869,Domestic,
103,0.003932,Domestic,
103,0.004027,Domestic,
103,0.004091,Domestic,
103,0.004122,Domestic,
103,0.004122,Domestic,
103,0.004217,Domestic,
103,0.004344,Domestic,
103,0.004376,Domestic,
103,0.004439,Domestic,
103,0.004535,Domestic,
103,0.004598,Domestic,
103,0.004693,Domestic,
103,0.004693,Domestic,
103,0.004693,Domestic,
103,0.004693,Domestic,
103,0.004693,Domestic,
103,0.004756,Domestic,
103,0.00482,Domestic,
103,0.004915,Domestic,
103,0.004947,Domestic,
103,0.004978,Domestic,
103,0.005264,Domestic,
103,0.005359,Domestic,
103,0.005518,Domestic,
103,0.00593,Domestic,
103,0.006025,Domestic,
103,0.006659,Domestic,
103,0.028063,Domestic,
104,0.00019,Domestic,
104,0.000444,Domestic,
104,0.000571,Domestic,
104,0.000761,Domestic,
104,0.00092,Domestic,
104,0.000951,Domestic,
104,0.001046,Domestic,
104,0.0013,Domestic,
104,0.001364,Domestic,
104,0.001617,Domestic,
104,0.001744,Domestic,
104,0.002251,Domestic,
104,0.002664,Domestic,
104,0.00279,Domestic,
104,0.003837,Domestic,
104,0.003995,Domestic,
104,0.004217,Domestic,
104,0.004598,Domestic,
104,0.005105,Domestic,
104,0.006342,Domestic,
104,0.008562,Domestic,
104,0.013477,Domestic,
104,0.01855,Domestic,
105,0.004439,Domestic,
106,0.00019,Domestic,
106,0.003012,Domestic,
106,0.003393,Domestic,
106,0.004408,Domestic,
106,0.005771,Domestic,
108,0.005327,Domestic,
108,0.006152,Domestic,
109,0.004091,Domestic,
109,0.004122,Domestic,
109,0.007325,Domestic,
11,0.001142,Domestic,
11,0.001364,Domestic,
11,0.002347,Domestic,
11,0.003108,Domestic,
11,0.003932,Domestic,
110,0.000444,Domestic,
110,0.001142,Domestic,
110,0.003361,Domestic,
110,0.004059,Domestic,
110,0.004281,Domestic,
110,0.005454,Domestic,
110,0.006881,Domestic,
111,9.50E-05,Domestic,
111,0.000888,Domestic,
111,0.001776,Domestic,
111,0.001807,Domestic,
111,0.003742,Domestic,
111,0.0039,Domestic,
111,0.004091,Domestic,
111,0.004535,Domestic,
111,0.006437,Domestic,
112,0.004217,Domestic,
112,0.0052,Domestic,
112,0.005771,Domestic,
112,0.007896,Domestic,
113,9.50E-05,Domestic,
113,9.50E-05,Domestic,
113,9.50E-05,Domestic,
113,0.000159,Domestic,
113,0.00019,Domestic,
113,0.000285,Domestic,
113,0.000476,Domestic,
113,0.000571,Domestic,
113,0.000602,Domestic,
113,0.000824,Domestic,
113,0.001015,Domestic,
113,0.001078,Domestic,
113,0.001268,Domestic,
113,0.001364,Domestic,
113,0.001459,Domestic,
113,0.001585,Domestic,
113,0.001585,Domestic,
113,0.002251,Domestic,
113,0.002251,Domestic,
113,0.002664,Domestic,
113,0.002727,Domestic,
113,0.002759,Domestic,
113,0.00279,Domestic,
113,0.002822,Domestic,
113,0.002886,Domestic,
113,0.002949,Domestic,
113,0.004661,Domestic,
113,0.005264,Domestic,
113,0.005644,Domestic,
113,0.006025,Domestic,
113,0.006183,Domestic,
113,0.006183,Domestic,
113,0.007071,Domestic,
113,0.007832,Domestic,
113,0.008847,Domestic,
114,0.000254,Domestic,
114,0.000349,Domestic,
114,0.000793,Domestic,
114,0.000951,Domestic,
114,0.001046,Domestic,
114,0.001268,Domestic,
114,0.001459,Domestic,
114,0.001681,Domestic,
114,0.002029,Domestic,
114,0.002347,Domestic,
114,0.00241,Domestic,
114,0.002664,Domestic,
114,0.002854,Domestic,
114,0.002854,Domestic,
114,0.003171,Domestic,
114,0.003203,Domestic,
114,0.003361,Domestic,
114,0.003551,Domestic,
114,0.00371,Domestic,
114,0.00371,Domestic,
114,0.003964,Domestic,
114,0.004408,Domestic,
114,0.004598,Domestic,
114,0.00463,Domestic,
114,0.006088,Domestic,
114,0.006152,Domestic,
114,0.006691,Domestic,
114,0.006786,Domestic,
114,0.006976,Domestic,
114,0.009037,Domestic,
114,0.013635,Domestic,
116,9.50E-05,Domestic,
116,9.50E-05,Domestic,
116,0.000127,Domestic,
116,0.00019,Domestic,
116,0.000254,Domestic,
116,0.000317,Domestic,
116,0.000571,Domestic,
116,0.000729,Domestic,
116,0.000761,Domestic,
116,0.000793,Domestic,
116,0.000888,Domestic,
116,0.000888,Domestic,
116,0.001015,Domestic,
116,0.001078,Domestic,
116,0.00111,Domestic,
116,0.001142,Domestic,
116,0.001237,Domestic,
116,0.0013,Domestic,
116,0.001332,Domestic,
116,0.001585,Domestic,
116,0.001585,Domestic,
116,0.001617,Domestic,
116,0.001649,Domestic,
116,0.001649,Domestic,
116,0.001681,Domestic,
116,0.001681,Domestic,
116,0.001934,Domestic,
116,0.001934,Domestic,
116,0.001934,Domestic,
116,0.001966,Domestic,
116,0.001998,Domestic,
116,0.002029,Domestic,
116,0.002188,Domestic,
116,0.002188,Domestic,
116,0.002188,Domestic,
116,0.002283,Domestic,
116,0.002315,Domestic,
116,0.002378,Domestic,
116,0.002442,Domestic,
116,0.002568,Domestic,
116,0.002568,Domestic,
116,0.002759,Domestic,
116,0.002822,Domestic,
116,0.002854,Domestic,
116,0.003012,Domestic,
116,0.003044,Domestic,
116,0.003076,Domestic,
116,0.003171,Domestic,
116,0.003203,Domestic,
116,0.003393,Domestic,
116,0.003456,Domestic,
116,0.003647,Domestic,
116,0.003805,Domestic,
116,0.003805,Domestic,
116,0.003869,Domestic,
116,0.003964,Domestic,
116,0.004091,Domestic,
116,0.004154,Domestic,
116,0.004725,Domestic,
116,0.00482,Domestic,
116,0.005105,Domestic,
116,0.005169,Domestic,
116,0.005296,Domestic,
116,0.005327,Domestic,
116,0.005391,Domestic,
116,0.005613,Domestic,
116,0.006152,Domestic,
116,0.006944,Domestic,
116,0.007357,Domestic,
117,0.000793,Domestic,
117,0.00111,Domestic,
117,0.001205,Domestic,
117,0.001205,Domestic,
117,0.001205,Domestic,
117,0.001966,Domestic,
117,0.002156,Domestic,
117,0.002442,Domestic,
117,0.003647,Domestic,
117,0.004725,Domestic,
117,0.00612,Domestic,
118,3.20E-05,Domestic,
118,9.50E-05,Domestic,
118,0.000254,Domestic,
118,0.000412,Domestic,
118,0.000761,Domestic,
118,0.000856,Domestic,
118,0.001554,Domestic,
118,0.001585,Domestic,
118,0.001649,Domestic,
118,0.001776,Domestic,
118,0.001839,Domestic,
118,0.001934,Domestic,
118,0.002061,Domestic,
118,0.002093,Domestic,
118,0.002251,Domestic,
118,0.002283,Domestic,
118,0.002315,Domestic,
118,0.002378,Domestic,
118,0.002442,Domestic,
118,0.002442,Domestic,
118,0.002537,Domestic,
118,0.002537,Domestic,
118,0.002949,Domestic,
118,0.003044,Domestic,
118,0.003139,Domestic,
118,0.003456,Domestic,
118,0.003551,Domestic,
118,0.003583,Domestic,
118,0.00371,Domestic,
118,0.003869,Domestic,
118,0.003995,Domestic,
118,0.004059,Domestic,
118,0.004154,Domestic,
118,0.004217,Domestic,
118,0.004693,Domestic,
118,0.004883,Domestic,
118,0.005391,Domestic,
118,0.006659,Domestic,
118,0.007769,Domestic,
118,0.008054,Domestic,
118,0.010211,Domestic,
118,0.027239,Domestic,
119,3.20E-05,Domestic,
119,3.20E-05,Domestic,
119,6.30E-05,Domestic,
119,6.30E-05,Domestic,
119,0.000127,Domestic,
119,0.000127,Domestic,
119,0.000127,Domestic,
119,0.000222,Domestic,
119,0.000254,Domestic,
119,0.000602,Domestic,
119,0.000824,Domestic,
119,0.000856,Domestic,
119,0.000888,Domestic,
119,0.00092,Domestic,
119,0.000951,Domestic,
119,0.000983,Domestic,
119,0.001046,Domestic,
119,0.00111,Domestic,
119,0.001237,Domestic,
119,0.0013,Domestic,
119,0.001364,Domestic,
119,0.001427,Domestic,
119,0.001585,Domestic,
119,0.001649,Domestic,
119,0.001649,Domestic,
119,0.001807,Domestic,
119,0.001839,Domestic,
119,0.001871,Domestic,
119,0.001966,Domestic,
119,0.001998,Domestic,
119,0.001998,Domestic,
119,0.002061,Domestic,
119,0.002093,Domestic,
119,0.002125,Domestic,
119,0.002156,Domestic,
119,0.002473,Domestic,
119,0.0026,Domestic,
119,0.002664,Domestic,
119,0.002759,Domestic,
119,0.002854,Domestic,
119,0.002886,Domestic,
119,0.002981,Domestic,
119,0.003012,Domestic,
119,0.003012,Domestic,
119,0.003044,Domestic,
119,0.003139,Domestic,
119,0.003266,Domestic,
119,0.003456,Domestic,
119,0.00352,Domestic,
119,0.00352,Domestic,
119,0.003551,Domestic,
119,0.003583,Domestic,
119,0.003615,Domestic,
119,0.003678,Domestic,
119,0.003805,Domestic,
119,0.003995,Domestic,
119,0.004027,Domestic,
119,0.004217,Domestic,
119,0.004249,Domestic,
119,0.004344,Domestic,
119,0.004503,Domestic,
119,0.004598,Domestic,
119,0.005105,Domestic,
119,0.005771,Domestic,
119,0.006215,Domestic,
119,0.008245,Domestic,
119,0.008593,Domestic,
119,0.021024,Domestic,
12,0.002473,Domestic,
12,0.004186,Domestic,
12,0.005549,Domestic,
12,0.00612,Domestic,
120,9.50E-05,Domestic,
120,0.000539,Domestic,
120,0.000793,Domestic,
120,0.002188,Domestic,
120,0.006088,Domestic,
121,3.20E-05,Domestic,
121,3.20E-05,Domestic,
121,6.30E-05,Domestic,
121,0.000159,Domestic,
121,0.000285,Domestic,
121,0.000285,Domestic,
121,0.000317,Domestic,
121,0.000539,Domestic,
121,0.000666,Domestic,
121,0.000729,Domestic,
121,0.000729,Domestic,
121,0.000824,Domestic,
121,0.000951,Domestic,
121,0.000983,Domestic,
121,0.001015,Domestic,
121,0.001268,Domestic,
121,0.001395,Domestic,
121,0.001522,Domestic,
121,0.001585,Domestic,
121,0.001585,Domestic,
121,0.001681,Domestic,
121,0.001744,Domestic,
121,0.001776,Domestic,
121,0.001839,Domestic,
121,0.001903,Domestic,
121,0.001934,Domestic,
121,0.001966,Domestic,
121,0.002093,Domestic,
121,0.002156,Domestic,
121,0.002283,Domestic,
121,0.002315,Domestic,
121,0.002315,Domestic,
121,0.002378,Domestic,
121,0.002378,Domestic,
121,0.002442,Domestic,
121,0.002505,Domestic,
121,0.002505,Domestic,
121,0.002632,Domestic,
121,0.002759,Domestic,
121,0.002759,Domestic,
121,0.002759,Domestic,
121,0.002886,Domestic,
121,0.002917,Domestic,
121,0.002917,Domestic,
121,0.002949,Domestic,
121,0.003012,Domestic,
121,0.003044,Domestic,
121,0.003108,Domestic,
121,0.003393,Domestic,
121,0.003488,Domestic,
121,0.00352,Domestic,
121,0.00352,Domestic,
121,0.003583,Domestic,
121,0.003615,Domestic,
121,0.003678,Domestic,
121,0.003742,Domestic,
121,0.003869,Domestic,
121,0.0039,Domestic,
121,0.004122,Domestic,
121,0.004122,Domestic,
121,0.004186,Domestic,
121,0.004249,Domestic,
121,0.004439,Domestic,
121,0.004566,Domestic,
121,0.004661,Domestic,
121,0.004693,Domestic,
121,0.005391,Domestic,
121,0.005518,Domestic,
121,0.006025,Domestic,
121,0.00631,Domestic,
121,0.006501,Domestic,
121,0.006596,Domestic,
121,0.006722,Domestic,
121,0.006944,Domestic,
121,0.006944,Domestic,
121,0.007103,Domestic,
121,0.008974,Domestic,
121,0.009418,Domestic,
121,0.010242,Domestic,
121,0.010908,Domestic,
122,0.000127,Domestic,
122,0.000127,Domestic,
122,0.001522,Domestic,
122,0.001554,Domestic,
122,0.001649,Domestic,
122,0.001966,Domestic,
122,0.002283,Domestic,
122,0.002347,Domestic,
122,0.002442,Domestic,
122,0.002759,Domestic,
122,0.003108,Domestic,
122,0.003203,Domestic,
122,0.003234,Domestic,
122,0.003488,Domestic,
122,0.004122,Domestic,
122,0.007135,Domestic,
122,0.007293,Domestic,
122,0.008276,Domestic,
122,0.013984,Domestic,
123,0.002442,Domestic,
123,0.002664,Domestic,
123,0.007801,Domestic,
124,0.001237,Domestic,
124,0.023307,Domestic,
124,0.051211,Domestic,
125,0.000444,Domestic,
125,0.000666,Domestic,
125,0.002664,Domestic,
126,0.00371,Domestic,
126,0.026795,Domestic,
126,0.057585,Domestic,
127,0.000349,Domestic,
127,0.000793,Domestic,
127,0.001142,Domestic,
127,0.001522,Domestic,
127,0.036657,Domestic,
128,3.20E-05,Domestic,
128,3.20E-05,Domestic,
128,6.30E-05,Domestic,
128,9.50E-05,Domestic,
128,0.00019,Domestic,
128,0.00019,Domestic,
128,0.00019,Domestic,
128,0.000222,Domestic,
128,0.000222,Domestic,
128,0.000254,Domestic,
128,0.000412,Domestic,
128,0.000476,Domestic,
128,0.000539,Domestic,
128,0.000602,Domestic,
128,0.000634,Domestic,
128,0.000634,Domestic,
128,0.000793,Domestic,
128,0.000793,Domestic,
128,0.001078,Domestic,
128,0.001142,Domestic,
128,0.001173,Domestic,
128,0.001173,Domestic,
128,0.001237,Domestic,
128,0.001237,Domestic,
128,0.001268,Domestic,
128,0.001332,Domestic,
128,0.001364,Domestic,
128,0.001395,Domestic,
128,0.001427,Domestic,
128,0.001585,Domestic,
128,0.001617,Domestic,
128,0.001617,Domestic,
128,0.001649,Domestic,
128,0.001681,Domestic,
128,0.001712,Domestic,
128,0.001776,Domestic,
128,0.001839,Domestic,
128,0.001934,Domestic,
128,0.001998,Domestic,
128,0.002061,Domestic,
128,0.002093,Domestic,
128,0.002125,Domestic,
128,0.002188,Domestic,
128,0.002347,Domestic,
128,0.00241,Domestic,
128,0.002473,Domestic,
128,0.002568,Domestic,
128,0.002759,Domestic,
128,0.002759,Domestic,
128,0.00279,Domestic,
128,0.002886,Domestic,
128,0.002981,Domestic,
128,0.003012,Domestic,
128,0.003012,Domestic,
128,0.003012,Domestic,
128,0.003044,Domestic,
128,0.003108,Domestic,
128,0.003171,Domestic,
128,0.003234,Domestic,
128,0.003298,Domestic,
128,0.00333,Domestic,
128,0.003393,Domestic,
128,0.003551,Domestic,
128,0.003551,Domestic,
128,0.003615,Domestic,
128,0.003647,Domestic,
128,0.00371,Domestic,
128,0.003773,Domestic,
128,0.003995,Domestic,
128,0.004154,Domestic,
128,0.004249,Domestic,
128,0.004281,Domestic,
128,0.004281,Domestic,
128,0.004535,Domestic,
128,0.004566,Domestic,
128,0.004598,Domestic,
128,0.004756,Domestic,
128,0.004883,Domestic,
128,0.004978,Domestic,
128,0.005074,Domestic,
128,0.005074,Domestic,
128,0.005296,Domestic,
128,0.006247,Domestic,
128,0.006849,Domestic,
128,0.00723,Domestic,
128,0.008118,Domestic,
128,0.008149,Domestic,
128,0.008657,Domestic,
128,0.008974,Domestic,
129,6.30E-05,Domestic,
129,6.30E-05,Domestic,
129,0.000127,Domestic,
129,0.000127,Domestic,
129,0.00019,Domestic,
129,0.000317,Domestic,
129,0.00111,Domestic,
129,0.001522,Domestic,
129,0.001585,Domestic,
129,0.002156,Domestic,
129,0.00222,Domestic,
129,0.002283,Domestic,
129,0.0026,Domestic,
129,0.002664,Domestic,
129,0.002759,Domestic,
129,0.002949,Domestic,
129,0.003044,Domestic,
129,0.003425,Domestic,
129,0.00352,Domestic,
129,0.003615,Domestic,
129,0.004535,Domestic,
129,0.005803,Domestic,
129,0.007579,Domestic,
13,0.001364,Domestic,
13,0.00222,Domestic,
13,0.00222,Domestic,
13,0.002505,Domestic,
13,0.002664,Domestic,
13,0.00352,Domestic,
13,0.004408,Domestic,
13,0.007801,Domestic,
130,0.000349,Domestic,
130,0.001744,Domestic,
130,0.0026,Domestic,
130,0.002695,Domestic,
130,0.003203,Domestic,
130,0.003964,Domestic,
130,0.006786,Domestic,
131-alt,0.003869,Domestic,
131-alt,0.004344,Domestic,
133,3.20E-05,Domestic,
133,0.00019,Domestic,
133,0.000317,Domestic,
133,0.001712,Domestic,
133,0.002061,Domestic,
133,0.002125,Domestic,
133,0.00222,Domestic,
133,0.002917,Domestic,
133,0.003551,Domestic,
133,0.003551,Domestic,
133,0.003647,Domestic,
133,0.003869,Domestic,
133,0.003932,Domestic,
133,0.005454,Domestic,
133,0.00631,Domestic,
134,0.001046,Domestic,
134,0.001205,Domestic,
134,0.001744,Domestic,
134,0.002188,Domestic,
134,0.002283,Domestic,
134,0.003203,Domestic,
134,0.004947,Domestic,
135,3.20E-05,Domestic,
135,9.50E-05,Domestic,
135,0.000127,Domestic,
135,0.000381,Domestic,
135,0.000571,Domestic,
135,0.000761,Domestic,
135,0.000951,Domestic,
135,0.001015,Domestic,
135,0.00111,Domestic,
135,0.001142,Domestic,
135,0.001649,Domestic,
135,0.001681,Domestic,
135,0.001903,Domestic,
135,0.002029,Domestic,
135,0.002125,Domestic,
135,0.002315,Domestic,
135,0.002315,Domestic,
135,0.002537,Domestic,
135,0.002537,Domestic,
135,0.002568,Domestic,
135,0.0026,Domestic,
135,0.0026,Domestic,
135,0.002917,Domestic,
135,0.002917,Domestic,
135,0.002949,Domestic,
135,0.003108,Domestic,
135,0.003171,Domestic,
135,0.003488,Domestic,
135,0.003647,Domestic,
135,0.003742,Domestic,
135,0.003773,Domestic,
135,0.003805,Domestic,
135,0.003805,Domestic,
135,0.004122,Domestic,
135,0.004154,Domestic,
135,0.004186,Domestic,
135,0.004313,Domestic,
135,0.004344,Domestic,
135,0.004661,Domestic,
135,0.004661,Domestic,
135,0.00482,Domestic,
135,0.005549,Domestic,
135,0.005708,Domestic,
135,0.010084,Domestic,
135,0.013255,Domestic,
136,3.20E-05,Domestic,
136,3.20E-05,Domestic,
136,0.000127,Domestic,
136,0.000127,Domestic,
136,0.000254,Domestic,
136,0.000317,Domestic,
136,0.000571,Domestic,
136,0.000602,Domestic,
136,0.000698,Domestic,
136,0.001903,Domestic,
136,0.002156,Domestic,
136,0.002156,Domestic,
136,0.002315,Domestic,
136,0.002473,Domestic,
136,0.002537,Domestic,
136,0.002632,Domestic,
136,0.00279,Domestic,
136,0.002854,Domestic,
136,0.002949,Domestic,
136,0.003171,Domestic,
136,0.003298,Domestic,
136,0.003361,Domestic,
136,0.003551,Domestic,
136,0.003678,Domestic,
136,0.00371,Domestic,
136,0.003773,Domestic,
136,0.004471,Domestic,
136,0.004693,Domestic,
136,0.004788,Domestic,
136,0.004915,Domestic,
136,0.005644,Domestic,
136,0.005708,Domestic,
136,0.005866,Domestic,
136,0.005898,Domestic,
136,0.006913,Domestic,
136,0.007103,Domestic,
136,0.00761,Domestic,
136,0.008245,Domestic,
136,0.008498,Domestic,
136,0.008815,Domestic,
136,0.010052,Domestic,
137,0.00111,Domestic,
137,0.001205,Domestic,
137,0.002251,Domestic,
137,0.002315,Domestic,
137,0.002759,Domestic,
137,0.003044,Domestic,
137,0.003171,Domestic,
137,0.003615,Domestic,
137,0.003869,Domestic,
137,0.0039,Domestic,
137,0.005993,Domestic,
137,0.006215,Domestic,
137,0.006374,Domestic,
138,0.000507,Domestic,
138,0.000634,Domestic,
138,0.001205,Domestic,
138,0.001395,Domestic,
138,0.001966,Domestic,
138,0.002347,Domestic,
138,0.002632,Domestic,
138,0.00279,Domestic,
138,0.002822,Domestic,
138,0.003298,Domestic,
138,0.004027,Domestic,
138,0.006564,Domestic,
138,0.006627,Domestic,
14,0.000285,Domestic,
14,0.0013,Domestic,
14,0.002981,Domestic,
140,6.30E-05,Domestic,
140,9.50E-05,Domestic,
140,0.000127,Domestic,
140,0.00019,Domestic,
140,0.000412,Domestic,
140,0.000571,Domestic,
140,0.000602,Domestic,
140,0.000634,Domestic,
140,0.000666,Domestic,
140,0.000729,Domestic,
140,0.000761,Domestic,
140,0.001142,Domestic,
140,0.001237,Domestic,
140,0.001332,Domestic,
140,0.001395,Domestic,
140,0.001681,Domestic,
140,0.001712,Domestic,
140,0.001807,Domestic,
140,0.001998,Domestic,
140,0.002029,Domestic,
140,0.002093,Domestic,
140,0.002125,Domestic,
140,0.00222,Domestic,
140,0.002378,Domestic,
140,0.0026,Domestic,
140,0.002949,Domestic,
140,0.002981,Domestic,
140,0.003108,Domestic,
140,0.003234,Domestic,
140,0.00333,Domestic,
140,0.003456,Domestic,
140,0.003615,Domestic,
140,0.00371,Domestic,
140,0.003805,Domestic,
140,0.003837,Domestic,
140,0.0039,Domestic,
140,0.003995,Domestic,
140,0.004122,Domestic,
140,0.004186,Domestic,
140,0.004281,Domestic,
140,0.004313,Domestic,
140,0.004376,Domestic,
140,0.004756,Domestic,
140,0.004947,Domestic,
140,0.0052,Domestic,
140,0.0052,Domestic,
140,0.005232,Domestic,
140,0.005327,Domestic,
140,0.005518,Domestic,
140,0.005613,Domestic,
140,0.005739,Domestic,
140,0.00631,Domestic,
140,0.006405,Domestic,
140,0.006691,Domestic,
140,0.007008,Domestic,
140,0.007071,Domestic,
140,0.007452,Domestic,
140,0.008086,Domestic,
140,0.00853,Domestic,
141,3.20E-05,Domestic,
141,9.50E-05,Domestic,
141,0.000285,Domestic,
141,0.000317,Domestic,
141,0.000856,Domestic,
141,0.001015,Domestic,
141,0.001078,Domestic,
141,0.001332,Domestic,
141,0.001332,Domestic,
141,0.001522,Domestic,
141,0.001839,Domestic,
141,0.001839,Domestic,
141,0.002125,Domestic,
141,0.00222,Domestic,
141,0.002251,Domestic,
141,0.002378,Domestic,
141,0.00241,Domestic,
141,0.002473,Domestic,
141,0.002537,Domestic,
141,0.002537,Domestic,
141,0.002568,Domestic,
141,0.002568,Domestic,
141,0.002727,Domestic,
141,0.002727,Domestic,
141,0.002854,Domestic,
141,0.002949,Domestic,
141,0.002981,Domestic,
141,0.003139,Domestic,
141,0.00352,Domestic,
141,0.003551,Domestic,
141,0.003773,Domestic,
141,0.0039,Domestic,
141,0.004091,Domestic,
141,0.004091,Domestic,
141,0.004154,Domestic,
141,0.004186,Domestic,
141,0.004186,Domestic,
141,0.004217,Domestic,
141,0.004408,Domestic,
141,0.004883,Domestic,
141,0.00501,Domestic,
141,0.005105,Domestic,
141,0.005708,Domestic,
141,0.005739,Domestic,
141,0.00612,Domestic,
141,0.008213,Domestic,
141,0.01132,Domestic,
142,6.30E-05,Domestic,
142,0.001554,Domestic,
142,0.001681,Domestic,
142,0.002315,Domestic,
142,0.002822,Domestic,
142,0.002886,Domestic,
142,0.003361,Domestic,
142,0.003837,Domestic,
142,0.004154,Domestic,
142,0.005105,Domestic,
143,3.20E-05,Domestic,
143,6.30E-05,Domestic,
143,6.30E-05,Domestic,
143,0.001173,Domestic,
143,0.001205,Domestic,
143,0.001268,Domestic,
143,0.001332,Domestic,
143,0.001649,Domestic,
143,0.002125,Domestic,
143,0.00222,Domestic,
143,0.002347,Domestic,
143,0.002695,Domestic,
143,0.002727,Domestic,
143,0.003012,Domestic,
143,0.0039,Domestic,
143,0.005042,Domestic,
143,0.006247,Domestic,
143,0.006754,Domestic,
143,0.006849,Domestic,
144,6.30E-05,Domestic,
144,0.000127,Domestic,
144,0.00019,Domestic,
144,0.000317,Domestic,
144,0.000602,Domestic,
144,0.000951,Domestic,
144,0.001142,Domestic,
144,0.001173,Domestic,
144,0.0013,Domestic,
144,0.001364,Domestic,
144,0.00149,Domestic,
144,0.00149,Domestic,
144,0.001934,Domestic,
144,0.002125,Domestic,
144,0.002251,Domestic,
144,0.002568,Domestic,
144,0.0026,Domestic,
144,0.002632,Domestic,
144,0.002759,Domestic,
144,0.002949,Domestic,
144,0.002949,Domestic,
144,0.003647,Domestic,
144,0.003964,Domestic,
144,0.004091,Domestic,
145,9.50E-05,Domestic,
145,0.001268,Domestic,
145,0.001364,Domestic,
145,0.001871,Domestic,
145,0.002156,Domestic,
145,0.002378,Domestic,
145,0.002537,Domestic,
145,0.002917,Domestic,
145,0.003773,Domestic,
145,0.004059,Domestic,
145,0.004154,Domestic,
145,0.004598,Domestic,
145,0.033517,Domestic,
146,3.20E-05,Domestic,
146,3.20E-05,Domestic,
146,3.20E-05,Domestic,
146,9.50E-05,Domestic,
146,0.000222,Domestic,
146,0.000381,Domestic,
146,0.000602,Domestic,
146,0.000666,Domestic,
146,0.000666,Domestic,
146,0.000793,Domestic,
146,0.000793,Domestic,
146,0.000888,Domestic,
146,0.000888,Domestic,
146,0.00092,Domestic,
146,0.000951,Domestic,
146,0.001142,Domestic,
146,0.001173,Domestic,
146,0.001173,Domestic,
146,0.001268,Domestic,
146,0.001617,Domestic,
146,0.001744,Domestic,
146,0.001839,Domestic,
146,0.001871,Domestic,
146,0.001903,Domestic,
146,0.002029,Domestic,
146,0.002093,Domestic,
146,0.00222,Domestic,
146,0.002251,Domestic,
146,0.002537,Domestic,
146,0.002568,Domestic,
146,0.002886,Domestic,
146,0.002886,Domestic,
146,0.003678,Domestic,
146,0.003678,Domestic,
146,0.004091,Domestic,
146,0.004281,Domestic,
146,0.004947,Domestic,
146,0.004947,Domestic,
146,0.005074,Domestic,
146,0.005581,Domestic,
146,0.006976,Domestic,
147,3.20E-05,Domestic,
147,0.000159,Domestic,
147,0.000159,Domestic,
147,0.000222,Domestic,
147,0.000254,Domestic,
147,0.000349,Domestic,
147,0.000412,Domestic,
147,0.000634,Domestic,
147,0.000761,Domestic,
147,0.000856,Domestic,
147,0.00092,Domestic,
147,0.001332,Domestic,
147,0.001427,Domestic,
147,0.001522,Domestic,
147,0.002093,Domestic,
147,0.002156,Domestic,
147,0.002156,Domestic,
147,0.00241,Domestic,
147,0.002442,Domestic,
147,0.002727,Domestic,
147,0.00279,Domestic,
147,0.003108,Domestic,
147,0.003773,Domestic,
147,0.004281,Domestic,
147,0.004788,Domestic,
147,0.004915,Domestic,
147,0.005042,Domestic,
147,0.005169,Domestic,
147,0.005961,Domestic,
147,0.006405,Domestic,
147,0.006596,Domestic,
148,3.20E-05,Domestic,
148,3.20E-05,Domestic,
148,3.20E-05,Domestic,
148,6.30E-05,Domestic,
148,6.30E-05,Domestic,
148,6.30E-05,Domestic,
148,0.000317,Domestic,
148,0.000698,Domestic,
148,0.000698,Domestic,
148,0.000824,Domestic,
148,0.000824,Domestic,
148,0.000888,Domestic,
148,0.00092,Domestic,
148,0.001046,Domestic,
148,0.00111,Domestic,
148,0.001237,Domestic,
148,0.0013,Domestic,
148,0.001459,Domestic,
148,0.00149,Domestic,
148,0.001554,Domestic,
148,0.001617,Domestic,
148,0.001649,Domestic,
148,0.001712,Domestic,
148,0.001744,Domestic,
148,0.001744,Domestic,
148,0.001776,Domestic,
148,0.001966,Domestic,
148,0.001998,Domestic,
148,0.002029,Domestic,
148,0.002125,Domestic,
148,0.002188,Domestic,
148,0.00222,Domestic,
148,0.002251,Domestic,
148,0.002283,Domestic,
148,0.002283,Domestic,
148,0.002347,Domestic,
148,0.002632,Domestic,
148,0.002854,Domestic,
148,0.002886,Domestic,
148,0.002981,Domestic,
148,0.003139,Domestic,
148,0.003139,Domestic,
148,0.003139,Domestic,
148,0.003266,Domestic,
148,0.003298,Domestic,
148,0.003361,Domestic,
148,0.003615,Domestic,
148,0.003647,Domestic,
148,0.003678,Domestic,
148,0.00371,Domestic,
148,0.003742,Domestic,
148,0.003995,Domestic,
148,0.003995,Domestic,
148,0.004059,Domestic,
148,0.004249,Domestic,
148,0.004249,Domestic,
148,0.004281,Domestic,
148,0.004313,Domestic,
148,0.004598,Domestic,
148,0.004693,Domestic,
148,0.004915,Domestic,
148,0.00501,Domestic,
148,0.005042,Domestic,
148,0.005137,Domestic,
148,0.005422,Domestic,
148,0.006564,Domestic,
148,0.041762,Domestic,
149,0.000159,Domestic,
149,0.000254,Domestic,
149,0.000317,Domestic,
149,0.000381,Domestic,
149,0.000444,Domestic,
149,0.000634,Domestic,
149,0.000824,Domestic,
149,0.000888,Domestic,
149,0.001015,Domestic,
149,0.001078,Domestic,
149,0.001268,Domestic,
149,0.001268,Domestic,
149,0.001681,Domestic,
149,0.001744,Domestic,
149,0.001776,Domestic,
149,0.00222,Domestic,
149,0.002473,Domestic,
149,0.003361,Domestic,
149,0.003488,Domestic,
149,0.004027,Domestic,
149,0.004439,Domestic,
149,0.004503,Domestic,
149,0.004756,Domestic,
149,0.006913,Domestic,
15,0.000381,Domestic,
15,0.00111,Domestic,
15,0.001427,Domestic,
15,0.001871,Domestic,
15,0.00222,Domestic,
15,0.002727,Domestic,
15,0.003583,Domestic,
15,0.003647,Domestic,
15,0.004408,Domestic,
15,0.004535,Domestic,
15,0.007515,Domestic,
150,3.20E-05,Domestic,
150,3.20E-05,Domestic,
150,6.30E-05,Domestic,
150,6.30E-05,Domestic,
150,6.30E-05,Domestic,
150,6.30E-05,Domestic,
150,9.50E-05,Domestic,
150,9.50E-05,Domestic,
150,9.50E-05,Domestic,
150,0.000159,Domestic,
150,0.00019,Domestic,
150,0.00019,Domestic,
150,0.000254,Domestic,
150,0.000254,Domestic,
150,0.000317,Domestic,
150,0.000444,Domestic,
150,0.000476,Domestic,
150,0.000476,Domestic,
150,0.000539,Domestic,
150,0.000539,Domestic,
150,0.000571,Domestic,
150,0.000602,Domestic,
150,0.000602,Domestic,
150,0.000634,Domestic,
150,0.000666,Domestic,
150,0.000793,Domestic,
150,0.000888,Domestic,
150,0.000888,Domestic,
150,0.000888,Domestic,
150,0.000983,Domestic,
150,0.001015,Domestic,
150,0.001015,Domestic,
150,0.001078,Domestic,
150,0.00111,Domestic,
150,0.001142,Domestic,
150,0.001237,Domestic,
150,0.001268,Domestic,
150,0.0013,Domestic,
150,0.001332,Domestic,
150,0.001364,Domestic,
150,0.001459,Domestic,
150,0.001459,Domestic,
150,0.001459,Domestic,
150,0.001522,Domestic,
150,0.001522,Domestic,
150,0.001554,Domestic,
150,0.001554,Domestic,
150,0.001554,Domestic,
150,0.001554,Domestic,
150,0.001585,Domestic,
150,0.001585,Domestic,
150,0.001585,Domestic,
150,0.001681,Domestic,
150,0.001681,Domestic,
150,0.001712,Domestic,
150,0.001712,Domestic,
150,0.001776,Domestic,
150,0.001807,Domestic,
150,0.001807,Domestic,
150,0.001839,Domestic,
150,0.001871,Domestic,
150,0.001966,Domestic,
150,0.001998,Domestic,
150,0.002029,Domestic,
150,0.002061,Domestic,
150,0.002061,Domestic,
150,0.002093,Domestic,
150,0.002093,Domestic,
150,0.002188,Domestic,
150,0.00222,Domestic,
150,0.002251,Domestic,
150,0.002315,Domestic,
150,0.002315,Domestic,
150,0.002347,Domestic,
150,0.002347,Domestic,
150,0.002378,Domestic,
150,0.00241,Domestic,
150,0.002473,Domestic,
150,0.002473,Domestic,
150,0.002568,Domestic,
150,0.0026,Domestic,
150,0.002632,Domestic,
150,0.002632,Domestic,
150,0.002632,Domestic,
150,0.002664,Domestic,
150,0.002727,Domestic,
150,0.002759,Domestic,
150,0.00279,Domestic,
150,0.002854,Domestic,
150,0.002886,Domestic,
150,0.002917,Domestic,
150,0.002981,Domestic,
150,0.003012,Domestic,
150,0.003044,Domestic,
150,0.003044,Domestic,
150,0.003044,Domestic,
150,0.003076,Domestic,
150,0.003108,Domestic,
150,0.003108,Domestic,
150,0.003171,Domestic,
150,0.003234,Domestic,
150,0.003361,Domestic,
150,0.003393,Domestic,
150,0.003393,Domestic,
150,0.003425,Domestic,
150,0.003488,Domestic,
150,0.00352,Domestic,
150,0.003615,Domestic,
150,0.003647,Domestic,
150,0.003647,Domestic,
150,0.003647,Domestic,
150,0.003678,Domestic,
150,0.003837,Domestic,
150,0.0039,Domestic,
150,0.0039,Domestic,
150,0.003932,Domestic,
150,0.003964,Domestic,
150,0.003995,Domestic,
150,0.004027,Domestic,
150,0.004059,Domestic,
150,0.004059,Domestic,
150,0.004122,Domestic,
150,0.004154,Domestic,
150,0.004217,Domestic,
150,0.004313,Domestic,
150,0.004408,Domestic,
150,0.004503,Domestic,
150,0.004883,Domestic,
150,0.004947,Domestic,
150,0.005074,Domestic,
150,0.005486,Domestic,
150,0.005549,Domestic,
150,0.005644,Domestic,
150,0.005835,Domestic,
150,0.005866,Domestic,
150,0.00593,Domestic,
150,0.00631,Domestic,
150,0.006374,Domestic,
150,0.006564,Domestic,
150,0.007293,Domestic,
150,0.007293,Domestic,
150,0.007325,Domestic,
150,0.007832,Domestic,
150,0.010718,Domestic,
150,0.014333,Domestic,
150,0.092656,Domestic,
151,9.50E-05,Domestic,
151,0.000539,Domestic,
151,0.000793,Domestic,
151,0.00149,Domestic,
151,0.001744,Domestic,
151,0.001776,Domestic,
151,0.002029,Domestic,
151,0.002632,Domestic,
151,0.002759,Domestic,
151,0.003203,Domestic,
151,0.003203,Domestic,
151,0.003298,Domestic,
151,0.004344,Domestic,
151,0.004788,Domestic,
151,0.00482,Domestic,
152,6.30E-05,Domestic,
152,0.000127,Domestic,
152,0.000159,Domestic,
152,0.00019,Domestic,
152,0.000317,Domestic,
152,0.000729,Domestic,
152,0.000983,Domestic,
152,0.001078,Domestic,
152,0.001237,Domestic,
152,0.001364,Domestic,
152,0.001744,Domestic,
152,0.001839,Domestic,
152,0.001903,Domestic,
152,0.001966,Domestic,
152,0.002093,Domestic,
152,0.002188,Domestic,
152,0.002473,Domestic,
152,0.002695,Domestic,
152,0.002822,Domestic,
152,0.002854,Domestic,
152,0.003108,Domestic,
152,0.003551,Domestic,
152,0.003583,Domestic,
152,0.0039,Domestic,
152,0.004059,Domestic,
152,0.004376,Domestic,
152,0.004566,Domestic,
152,0.004725,Domestic,
152,0.005137,Domestic,
152,0.005518,Domestic,
153,3.20E-05,Domestic,
153,6.30E-05,Domestic,
153,6.30E-05,Domestic,
153,0.000222,Domestic,
153,0.000254,Domestic,
153,0.000381,Domestic,
153,0.000412,Domestic,
153,0.000444,Domestic,
153,0.000602,Domestic,
153,0.000634,Domestic,
153,0.000698,Domestic,
153,0.000824,Domestic,
153,0.000856,Domestic,
153,0.00092,Domestic,
153,0.00092,Domestic,
153,0.001078,Domestic,
153,0.001237,Domestic,
153,0.001934,Domestic,
153,0.002061,Domestic,
153,0.002347,Domestic,
153,0.003234,Domestic,
153,0.00742,Domestic,
154,0.000222,Domestic,
154,0.00092,Domestic,
154,0.001332,Domestic,
154,0.001744,Domestic,
154,0.001744,Domestic,
154,0.001871,Domestic,
154,0.001871,Domestic,
154,0.002125,Domestic,
154,0.003425,Domestic,
154,0.004408,Domestic,
154,0.00723,Domestic,
154,0.007484,Domestic,
155,6.30E-05,Domestic,
155,6.30E-05,Domestic,
155,9.50E-05,Domestic,
155,0.000127,Domestic,
155,0.000285,Domestic,
155,0.000476,Domestic,
155,0.000476,Domestic,
155,0.000602,Domestic,
155,0.000824,Domestic,
155,0.000824,Domestic,
155,0.000856,Domestic,
155,0.000951,Domestic,
155,0.000951,Domestic,
155,0.000983,Domestic,
155,0.001046,Domestic,
155,0.001078,Domestic,
155,0.001173,Domestic,
155,0.001237,Domestic,
155,0.0013,Domestic,
155,0.001364,Domestic,
155,0.001427,Domestic,
155,0.00149,Domestic,
155,0.001522,Domestic,
155,0.001617,Domestic,
155,0.001681,Domestic,
155,0.001712,Domestic,
155,0.001807,Domestic,
155,0.001903,Domestic,
155,0.001903,Domestic,
155,0.001966,Domestic,
155,0.002029,Domestic,
155,0.002125,Domestic,
155,0.002125,Domestic,
155,0.00222,Domestic,
155,0.00222,Domestic,
155,0.002251,Domestic,
155,0.002251,Domestic,
155,0.002347,Domestic,
155,0.002473,Domestic,
155,0.0026,Domestic,
155,0.002632,Domestic,
155,0.002632,Domestic,
155,0.002695,Domestic,
155,0.002727,Domestic,
155,0.002759,Domestic,
155,0.002854,Domestic,
155,0.002854,Domestic,
155,0.002949,Domestic,
155,0.002981,Domestic,
155,0.003012,Domestic,
155,0.003012,Domestic,
155,0.003044,Domestic,
155,0.003044,Domestic,
155,0.003076,Domestic,
155,0.003203,Domestic,
155,0.003361,Domestic,
155,0.003456,Domestic,
155,0.004027,Domestic,
155,0.004408,Domestic,
155,0.004408,Domestic,
155,0.004439,Domestic,
155,0.004725,Domestic,
155,0.004947,Domestic,
155,0.005391,Domestic,
155,0.005518,Domestic,
155,0.005549,Domestic,
155,0.005961,Domestic,
155,0.006215,Domestic,
155,0.00631,Domestic,
155,0.006437,Domestic,
155,0.006596,Domestic,
155,0.006881,Domestic,
155,0.007103,Domestic,
155,0.00723,Domestic,
155,0.00742,Domestic,
155,0.007705,Domestic,
155,0.007705,Domestic,
155,0.009703,Domestic,
155,0.013445,Domestic,
156,6.30E-05,Domestic,
156,9.50E-05,Domestic,
156,0.000285,Domestic,
156,0.000317,Domestic,
156,0.000317,Domestic,
156,0.000381,Domestic,
156,0.000412,Domestic,
156,0.000476,Domestic,
156,0.000476,Domestic,
156,0.000507,Domestic,
156,0.000602,Domestic,
156,0.000793,Domestic,
156,0.000888,Domestic,
156,0.000983,Domestic,
156,0.00111,Domestic,
156,0.00111,Domestic,
156,0.001205,Domestic,
156,0.001205,Domestic,
156,0.001205,Domestic,
156,0.001237,Domestic,
156,0.001332,Domestic,
156,0.001364,Domestic,
156,0.001395,Domestic,
156,0.001395,Domestic,
156,0.001522,Domestic,
156,0.001554,Domestic,
156,0.001585,Domestic,
156,0.001585,Domestic,
156,0.001585,Domestic,
156,0.001585,Domestic,
156,0.001649,Domestic,
156,0.001871,Domestic,
156,0.001871,Domestic,
156,0.001934,Domestic,
156,0.001934,Domestic,
156,0.002061,Domestic,
156,0.002093,Domestic,
156,0.002347,Domestic,
156,0.002347,Domestic,
156,0.00241,Domestic,
156,0.002473,Domestic,
156,0.0026,Domestic,
156,0.002632,Domestic,
156,0.002695,Domestic,
156,0.00279,Domestic,
156,0.002822,Domestic,
156,0.003044,Domestic,
156,0.003044,Domestic,
156,0.003108,Domestic,
156,0.003203,Domestic,
156,0.003266,Domestic,
156,0.003298,Domestic,
156,0.003456,Domestic,
156,0.003678,Domestic,
156,0.003678,Domestic,
156,0.00371,Domestic,
156,0.003805,Domestic,
156,0.003932,Domestic,
156,0.003932,Domestic,
156,0.003964,Domestic,
156,0.003995,Domestic,
156,0.004027,Domestic,
156,0.004027,Domestic,
156,0.004344,Domestic,
156,0.004883,Domestic,
156,0.005042,Domestic,
156,0.005169,Domestic,
156,0.005232,Domestic,
156,0.005264,Domestic,
156,0.005644,Domestic,
156,0.005771,Domestic,
156,0.005803,Domestic,
156,0.006215,Domestic,
156,0.006913,Domestic,
156,0.009767,Domestic,
156,0.018138,Domestic,
157,3.20E-05,Domestic,
157,3.20E-05,Domestic,
157,3.20E-05,Domestic,
157,9.50E-05,Domestic,
157,0.000127,Domestic,
157,0.000127,Domestic,
157,0.000159,Domestic,
157,0.000285,Domestic,
157,0.000317,Domestic,
157,0.000381,Domestic,
157,0.000507,Domestic,
157,0.000571,Domestic,
157,0.000793,Domestic,
157,0.000856,Domestic,
157,0.00092,Domestic,
157,0.001142,Domestic,
157,0.001205,Domestic,
157,0.001268,Domestic,
157,0.0013,Domestic,
157,0.001427,Domestic,
157,0.001554,Domestic,
157,0.001807,Domestic,
157,0.001807,Domestic,
157,0.001871,Domestic,
157,0.001966,Domestic,
157,0.002029,Domestic,
157,0.002029,Domestic,
157,0.002061,Domestic,
157,0.002125,Domestic,
157,0.002315,Domestic,
157,0.002315,Domestic,
157,0.002568,Domestic,
157,0.002568,Domestic,
157,0.002727,Domestic,
157,0.002854,Domestic,
157,0.002917,Domestic,
157,0.003234,Domestic,
157,0.003647,Domestic,
157,0.003805,Domestic,
157,0.003869,Domestic,
157,0.004281,Domestic,
157,0.004471,Domestic,
157,0.004598,Domestic,
157,0.004915,Domestic,
157,0.005422,Domestic,
157,0.00612,Domestic,
157,0.006754,Domestic,
157,0.007103,Domestic,
157,0.007484,Domestic,
159,0.000254,Domestic,
159,0.002664,Domestic,
159,0.003869,Domestic,
159,0.0039,Domestic,
159,0.005993,Domestic,
159,0.007832,Domestic,
16,3.20E-05,Domestic,
16,0.000856,Domestic,
16,0.000888,Domestic,
16,0.003203,Domestic,
16,0.003361,Domestic,
16,0.011416,Domestic,
16,0.016362,Domestic,
161,0.00019,Domestic,
161,0.000349,Domestic,
161,0.000793,Domestic,
161,0.000856,Domestic,
161,0.001459,Domestic,
161,0.001522,Domestic,
161,0.001839,Domestic,
161,0.001871,Domestic,
161,0.001934,Domestic,
161,0.002156,Domestic,
161,0.002188,Domestic,
161,0.00222,Domestic,
161,0.002568,Domestic,
161,0.002727,Domestic,
161,0.00279,Domestic,
161,0.00279,Domestic,
161,0.002886,Domestic,
161,0.003076,Domestic,
161,0.003298,Domestic,
161,0.003298,Domestic,
161,0.003488,Domestic,
161,0.003995,Domestic,
161,0.004439,Domestic,
161,0.00612,Domestic,
161,0.009259,Domestic,
163,0.003298,Domestic,
164,0.005739,Domestic,
164,0.008847,Domestic,
166,6.30E-05,Domestic,
166,9.50E-05,Domestic,
166,0.000254,Domestic,
166,0.000476,Domestic,
166,0.000888,Domestic,
166,0.001015,Domestic,
166,0.001046,Domestic,
166,0.001046,Domestic,
166,0.001364,Domestic,
166,0.001395,Domestic,
166,0.001585,Domestic,
166,0.001617,Domestic,
166,0.001776,Domestic,
166,0.002632,Domestic,
166,0.00333,Domestic,
166,0.00352,Domestic,
166,0.003647,Domestic,
166,0.003869,Domestic,
166,0.003932,Domestic,
166,0.004186,Domestic,
166,0.004249,Domestic,
166,0.00593,Domestic,
167,0.001046,Domestic,
167,0.001585,Domestic,
167,0.002632,Domestic,
167,0.003647,Domestic,
168,3.20E-05,Domestic,
168,0.000159,Domestic,
168,0.000317,Domestic,
168,0.000983,Domestic,
168,0.00111,Domestic,
168,0.001205,Domestic,
168,0.001205,Domestic,
168,0.001268,Domestic,
168,0.0013,Domestic,
168,0.001459,Domestic,
168,0.001934,Domestic,
168,0.002188,Domestic,
168,0.00222,Domestic,
168,0.002251,Domestic,
168,0.002442,Domestic,
168,0.002505,Domestic,
168,0.002537,Domestic,
168,0.002727,Domestic,
168,0.002759,Domestic,
168,0.002854,Domestic,
168,0.003044,Domestic,
168,0.003361,Domestic,
168,0.003932,Domestic,
168,0.004439,Domestic,
168,0.004693,Domestic,
168,0.00482,Domestic,
168,0.004978,Domestic,
168,0.005613,Domestic,
168,0.005739,Domestic,
168,0.006025,Domestic,
168,0.006754,Domestic,
168,0.007579,Domestic,
169,0.000507,Domestic,
169,0.000634,Domestic,
169,0.001015,Domestic,
169,0.001078,Domestic,
169,0.001142,Domestic,
169,0.001522,Domestic,
169,0.001998,Domestic,
169,0.002188,Domestic,
169,0.002473,Domestic,
169,0.003361,Domestic,
169,0.003393,Domestic,
169,0.003869,Domestic,
169,0.003964,Domestic,
169,0.004027,Domestic,
169,0.004059,Domestic,
169,0.004186,Domestic,
169,0.004281,Domestic,
169,0.004408,Domestic,
169,0.004439,Domestic,
169,0.005169,Domestic,
169,0.005296,Domestic,
169,0.005613,Domestic,
169,0.005961,Domestic,
169,0.006183,Domestic,
169,0.006659,Domestic,
169,0.006944,Domestic,
170,3.20E-05,Domestic,
170,0.000349,Domestic,
170,0.000444,Domestic,
170,0.000476,Domestic,
170,0.000888,Domestic,
170,0.00092,Domestic,
170,0.001046,Domestic,
170,0.00111,Domestic,
170,0.001142,Domestic,
170,0.001237,Domestic,
170,0.001934,Domestic,
170,0.002537,Domestic,
170,0.002632,Domestic,
170,0.002822,Domestic,
170,0.002854,Domestic,
170,0.002886,Domestic,
170,0.002949,Domestic,
170,0.003044,Domestic,
170,0.003234,Domestic,
170,0.00352,Domestic,
170,0.003615,Domestic,
170,0.004217,Domestic,
170,0.004535,Domestic,
170,0.005327,Domestic,
170,0.006944,Domestic,
170,0.007959,Domestic,
170,0.017155,Domestic,
171,0.000222,Domestic,
171,0.000666,Domestic,
171,0.001046,Domestic,
171,0.001173,Domestic,
171,0.001554,Domestic,
171,0.001903,Domestic,
171,0.002283,Domestic,
171,0.003583,Domestic,
171,0.004122,Domestic,
171,0.005042,Domestic,
171,0.007547,Domestic,
172,0.000285,Domestic,
172,0.000824,Domestic,
172,0.001807,Domestic,
172,0.001871,Domestic,
172,0.001934,Domestic,
172,0.001998,Domestic,
172,0.003393,Domestic,
172,0.004344,Domestic,
172,0.004915,Domestic,
172,0.00631,Domestic,
173,6.30E-05,Domestic,
173,0.000159,Domestic,
173,0.000222,Domestic,
173,0.000254,Domestic,
173,0.000824,Domestic,
173,0.0013,Domestic,
173,0.001585,Domestic,
173,0.002283,Domestic,
173,0.002347,Domestic,
173,0.002378,Domestic,
173,0.002632,Domestic,
173,0.002949,Domestic,
173,0.003012,Domestic,
173,0.003012,Domestic,
173,0.003234,Domestic,
173,0.003773,Domestic,
173,0.004027,Domestic,
173,0.004788,Domestic,
173,0.005105,Domestic,
173,0.005327,Domestic,
173,0.005581,Domestic,
173,0.007705,Domestic,
173,0.01132,Domestic,
174,3.20E-05,Domestic,
174,0.000159,Domestic,
174,0.000285,Domestic,
174,0.001395,Domestic,
174,0.001807,Domestic,
174,0.001871,Domestic,
174,0.0026,Domestic,
174,0.002854,Domestic,
174,0.002886,Domestic,
174,0.003456,Domestic,
175,0.001934,Domestic,
175,0.002917,Domestic,
175,0.006215,Domestic,
176,0.000381,Domestic,
176,0.00149,Domestic,
176,0.00149,Domestic,
176,0.00352,Domestic,
176,0.003964,Domestic,
176,0.004947,Domestic,
176,0.005581,Domestic,
177,9.50E-05,Domestic,
177,0.000159,Domestic,
177,0.00111,Domestic,
177,0.001268,Domestic,
177,0.001776,Domestic,
177,0.002125,Domestic,
177,0.002188,Domestic,
177,0.00222,Domestic,
177,0.002473,Domestic,
177,0.002473,Domestic,
177,0.002664,Domestic,
177,0.002664,Domestic,
177,0.002695,Domestic,
177,0.003393,Domestic,
177,0.003456,Domestic,
177,0.003773,Domestic,
177,0.004535,Domestic,
177,0.004566,Domestic,
177,0.0052,Domestic,
177,0.005327,Domestic,
177,0.005644,Domestic,
177,0.005739,Domestic,
177,0.007896,Domestic,
177,0.009006,Domestic,
177,0.012081,Domestic,
177,0.019184,Domestic,
177,0.030917,Domestic,
179,0.000634,Domestic,
179,0.00279,Domestic,
179,0.031868,Domestic,
180,0.015411,Domestic,
180,0.06231,Domestic,
181,0.000824,Domestic,
181,0.002664,Domestic,
181,0.029522,Domestic,
183,0.000793,Domestic,
183,0.001268,Domestic,
183,0.016109,Domestic,
183,0.027048,Domestic,
183,0.079306,Domestic,
184,6.30E-05,Domestic,
184,0.000507,Domestic,
184,0.002568,Domestic,
185,3.20E-05,Domestic,
185,0.00019,Domestic,
185,0.000254,Domestic,
185,0.000349,Domestic,
185,0.000571,Domestic,
185,0.000602,Domestic,
185,0.000634,Domestic,
185,0.000634,Domestic,
185,0.000824,Domestic,
185,0.000856,Domestic,
185,0.00092,Domestic,
185,0.001078,Domestic,
185,0.001427,Domestic,
185,0.001744,Domestic,
185,0.001744,Domestic,
185,0.001744,Domestic,
185,0.001776,Domestic,
185,0.001871,Domestic,
185,0.002093,Domestic,
185,0.002347,Domestic,
185,0.002378,Domestic,
185,0.002473,Domestic,
185,0.002537,Domestic,
185,0.002568,Domestic,
185,0.002632,Domestic,
185,0.002632,Domestic,
185,0.002664,Domestic,
185,0.003266,Domestic,
185,0.003266,Domestic,
185,0.003678,Domestic,
185,0.003869,Domestic,
185,0.004978,Domestic,
185,0.00501,Domestic,
185,0.006374,Domestic,
186,3.20E-05,Domestic,
186,0.000317,Domestic,
186,0.000349,Domestic,
186,0.000381,Domestic,
186,0.000476,Domestic,
186,0.000507,Domestic,
186,0.000824,Domestic,
186,0.000983,Domestic,
186,0.000983,Domestic,
186,0.000983,Domestic,
186,0.001078,Domestic,
186,0.001173,Domestic,
186,0.001395,Domestic,
186,0.001554,Domestic,
186,0.001617,Domestic,
186,0.001649,Domestic,
186,0.001681,Domestic,
186,0.001744,Domestic,
186,0.001807,Domestic,
186,0.001871,Domestic,
186,0.001934,Domestic,
186,0.001998,Domestic,
186,0.002061,Domestic,
186,0.002061,Domestic,
186,0.002093,Domestic,
186,0.002188,Domestic,
186,0.002188,Domestic,
186,0.00222,Domestic,
186,0.002378,Domestic,
186,0.002442,Domestic,
186,0.002442,Domestic,
186,0.002632,Domestic,
186,0.002727,Domestic,
186,0.002822,Domestic,
186,0.002822,Domestic,
186,0.002949,Domestic,
186,0.003234,Domestic,
186,0.00333,Domestic,
186,0.003488,Domestic,
186,0.00352,Domestic,
186,0.003615,Domestic,
186,0.004059,Domestic,
186,0.004154,Domestic,
186,0.004281,Domestic,
186,0.004281,Domestic,
186,0.004313,Domestic,
186,0.004344,Domestic,
186,0.004344,Domestic,
186,0.004947,Domestic,
186,0.005042,Domestic,
186,0.005137,Domestic,
186,0.005803,Domestic,
186,0.006374,Domestic,
186,0.007071,Domestic,
186,0.008086,Domestic,
187,3.20E-05,Domestic,
187,0.000127,Domestic,
187,0.000159,Domestic,
187,0.000159,Domestic,
187,0.000159,Domestic,
187,0.000412,Domestic,
187,0.000444,Domestic,
187,0.000539,Domestic,
187,0.000571,Domestic,
187,0.000634,Domestic,
187,0.000634,Domestic,
187,0.000761,Domestic,
187,0.000951,Domestic,
187,0.000951,Domestic,
187,0.001142,Domestic,
187,0.001173,Domestic,
187,0.001205,Domestic,
187,0.001237,Domestic,
187,0.001268,Domestic,
187,0.001459,Domestic,
187,0.00149,Domestic,
187,0.001522,Domestic,
187,0.001554,Domestic,
187,0.001617,Domestic,
187,0.001871,Domestic,
187,0.001934,Domestic,
187,0.001998,Domestic,
187,0.002029,Domestic,
187,0.002093,Domestic,
187,0.002473,Domestic,
187,0.002854,Domestic,
187,0.002854,Domestic,
187,0.002886,Domestic,
187,0.003266,Domestic,
187,0.003425,Domestic,
187,0.003551,Domestic,
187,0.003647,Domestic,
187,0.003647,Domestic,
187,0.003678,Domestic,
187,0.003805,Domestic,
187,0.003805,Domestic,
187,0.003932,Domestic,
187,0.003932,Domestic,
187,0.004186,Domestic,
187,0.004439,Domestic,
187,0.004535,Domestic,
187,0.004598,Domestic,
187,0.004788,Domestic,
187,0.004947,Domestic,
187,0.005074,Domestic,
187,0.005613,Domestic,
187,0.006025,Domestic,
187,0.006374,Domestic,
187,0.006405,Domestic,
187,0.006501,Domestic,
187,0.007008,Domestic,
187,0.009354,Domestic,
188,6.30E-05,Domestic,
188,0.000127,Domestic,
188,0.000127,Domestic,
188,0.000127,Domestic,
188,0.000222,Domestic,
188,0.000222,Domestic,
188,0.000254,Domestic,
188,0.000285,Domestic,
188,0.000349,Domestic,
188,0.000476,Domestic,
188,0.000539,Domestic,
188,0.000571,Domestic,
188,0.000634,Domestic,
188,0.000634,Domestic,
188,0.000761,Domestic,
188,0.000793,Domestic,
188,0.000824,Domestic,
188,0.000856,Domestic,
188,0.000983,Domestic,
188,0.000983,Domestic,
188,0.000983,Domestic,
188,0.00111,Domestic,
188,0.001459,Domestic,
188,0.001554,Domestic,
188,0.001744,Domestic,
188,0.001744,Domestic,
188,0.001776,Domestic,
188,0.001807,Domestic,
188,0.001807,Domestic,
188,0.001871,Domestic,
188,0.001903,Domestic,
188,0.001903,Domestic,
188,0.001934,Domestic,
188,0.001966,Domestic,
188,0.002029,Domestic,
188,0.002125,Domestic,
188,0.002188,Domestic,
188,0.002188,Domestic,
188,0.00222,Domestic,
188,0.00222,Domestic,
188,0.002251,Domestic,
188,0.002347,Domestic,
188,0.002537,Domestic,
188,0.002632,Domestic,
188,0.002632,Domestic,
188,0.002695,Domestic,
188,0.002695,Domestic,
188,0.002727,Domestic,
188,0.002886,Domestic,
188,0.003361,Domestic,
188,0.003393,Domestic,
188,0.00352,Domestic,
188,0.003678,Domestic,
188,0.003932,Domestic,
188,0.003964,Domestic,
188,0.004059,Domestic,
188,0.004059,Domestic,
188,0.004154,Domestic,
188,0.004217,Domestic,
188,0.004376,Domestic,
188,0.004598,Domestic,
188,0.011162,Domestic,
188,0.012906,Domestic,
189,3.20E-05,Domestic,
189,6.30E-05,Domestic,
189,9.50E-05,Domestic,
189,0.000159,Domestic,
189,0.00019,Domestic,
189,0.000317,Domestic,
189,0.000349,Domestic,
189,0.000381,Domestic,
189,0.000444,Domestic,
189,0.000507,Domestic,
189,0.000571,Domestic,
189,0.000571,Domestic,
189,0.000571,Domestic,
189,0.000698,Domestic,
189,0.000761,Domestic,
189,0.000824,Domestic,
189,0.00092,Domestic,
189,0.000983,Domestic,
189,0.001015,Domestic,
189,0.001046,Domestic,
189,0.001046,Domestic,
189,0.001142,Domestic,
189,0.001237,Domestic,
189,0.001237,Domestic,
189,0.001237,Domestic,
189,0.001237,Domestic,
189,0.001268,Domestic,
189,0.001268,Domestic,
189,0.001268,Domestic,
189,0.0013,Domestic,
189,0.001332,Domestic,
189,0.001395,Domestic,
189,0.00149,Domestic,
189,0.001554,Domestic,
189,0.001554,Domestic,
189,0.001554,Domestic,
189,0.001712,Domestic,
189,0.001776,Domestic,
189,0.001871,Domestic,
189,0.001966,Domestic,
189,0.001998,Domestic,
189,0.002029,Domestic,
189,0.002061,Domestic,
189,0.002156,Domestic,
189,0.002188,Domestic,
189,0.00222,Domestic,
189,0.002251,Domestic,
189,0.002315,Domestic,
189,0.002378,Domestic,
189,0.002442,Domestic,
189,0.002505,Domestic,
189,0.002537,Domestic,
189,0.002695,Domestic,
189,0.002759,Domestic,
189,0.00279,Domestic,
189,0.002886,Domestic,
189,0.003012,Domestic,
189,0.003139,Domestic,
189,0.00333,Domestic,
189,0.003488,Domestic,
189,0.003488,Domestic,
189,0.003551,Domestic,
189,0.003551,Domestic,
189,0.003583,Domestic,
189,0.003678,Domestic,
189,0.003678,Domestic,
189,0.00371,Domestic,
189,0.003805,Domestic,
189,0.003869,Domestic,
189,0.004059,Domestic,
189,0.004091,Domestic,
189,0.004154,Domestic,
189,0.004344,Domestic,
189,0.004598,Domestic,
189,0.004756,Domestic,
189,0.004852,Domestic,
189,0.00501,Domestic,
189,0.005074,Domestic,
189,0.005105,Domestic,
189,0.005169,Domestic,
189,0.005327,Domestic,
189,0.005359,Domestic,
189,0.005613,Domestic,
189,0.005771,Domestic,
189,0.008435,Domestic,
189,0.008815,Domestic,
189,0.018519,Domestic,
19,0.002727,Domestic,
19,0.005296,Domestic,
19,0.005803,Domestic,
190,0.000159,Domestic,
190,0.000159,Domestic,
190,0.000222,Domestic,
190,0.000222,Domestic,
190,0.000507,Domestic,
190,0.000571,Domestic,
190,0.000729,Domestic,
190,0.000793,Domestic,
190,0.000856,Domestic,
190,0.000856,Domestic,
190,0.000888,Domestic,
190,0.000888,Domestic,
190,0.00092,Domestic,
190,0.001046,Domestic,
190,0.00111,Domestic,
190,0.001142,Domestic,
190,0.001173,Domestic,
190,0.001173,Domestic,
190,0.001205,Domestic,
190,0.001237,Domestic,
190,0.001332,Domestic,
190,0.001332,Domestic,
190,0.001364,Domestic,
190,0.001364,Domestic,
190,0.001395,Domestic,
190,0.001459,Domestic,
190,0.001522,Domestic,
190,0.001585,Domestic,
190,0.001712,Domestic,
190,0.001839,Domestic,
190,0.001871,Domestic,
190,0.001871,Domestic,
190,0.001966,Domestic,
190,0.001966,Domestic,
190,0.002061,Domestic,
190,0.002093,Domestic,
190,0.002156,Domestic,
190,0.00222,Domestic,
190,0.002315,Domestic,
190,0.002347,Domestic,
190,0.002505,Domestic,
190,0.0026,Domestic,
190,0.0026,Domestic,
190,0.002632,Domestic,
190,0.002632,Domestic,
190,0.002664,Domestic,
190,0.002664,Domestic,
190,0.002695,Domestic,
190,0.002727,Domestic,
190,0.002917,Domestic,
190,0.002949,Domestic,
190,0.002981,Domestic,
190,0.003012,Domestic,
190,0.003108,Domestic,
190,0.003108,Domestic,
190,0.003139,Domestic,
190,0.003171,Domestic,
190,0.003361,Domestic,
190,0.003361,Domestic,
190,0.003425,Domestic,
190,0.003488,Domestic,
190,0.003583,Domestic,
190,0.003583,Domestic,
190,0.003615,Domestic,
190,0.00371,Domestic,
190,0.003869,Domestic,
190,0.0039,Domestic,
190,0.003932,Domestic,
190,0.004059,Domestic,
190,0.004122,Domestic,
190,0.004408,Domestic,
190,0.004439,Domestic,
190,0.004535,Domestic,
190,0.004566,Domestic,
190,0.004693,Domestic,
190,0.004788,Domestic,
190,0.004852,Domestic,
190,0.004883,Domestic,
190,0.004915,Domestic,
190,0.004947,Domestic,
190,0.005074,Domestic,
190,0.005105,Domestic,
190,0.005359,Domestic,
190,0.006976,Domestic,
190,0.017187,Domestic,
191,3.20E-05,Domestic,
191,9.50E-05,Domestic,
191,0.000159,Domestic,
191,0.00019,Domestic,
191,0.000254,Domestic,
191,0.000412,Domestic,
191,0.000412,Domestic,
191,0.000476,Domestic,
191,0.000634,Domestic,
191,0.000698,Domestic,
191,0.000729,Domestic,
191,0.000761,Domestic,
191,0.000793,Domestic,
191,0.000793,Domestic,
191,0.00092,Domestic,
191,0.000951,Domestic,
191,0.000951,Domestic,
191,0.001046,Domestic,
191,0.001046,Domestic,
191,0.001078,Domestic,
191,0.001078,Domestic,
191,0.001173,Domestic,
191,0.001268,Domestic,
191,0.001332,Domestic,
191,0.001364,Domestic,
191,0.001364,Domestic,
191,0.001427,Domestic,
191,0.001554,Domestic,
191,0.001585,Domestic,
191,0.001934,Domestic,
191,0.001934,Domestic,
191,0.001966,Domestic,
191,0.002156,Domestic,
191,0.00241,Domestic,
191,0.00241,Domestic,
191,0.002442,Domestic,
191,0.002632,Domestic,
191,0.002759,Domestic,
191,0.002822,Domestic,
191,0.003108,Domestic,
191,0.003108,Domestic,
191,0.003139,Domestic,
191,0.00333,Domestic,
191,0.003488,Domestic,
191,0.003583,Domestic,
191,0.00371,Domestic,
191,0.003837,Domestic,
191,0.004313,Domestic,
191,0.004376,Domestic,
191,0.004376,Domestic,
191,0.004535,Domestic,
191,0.004566,Domestic,
191,0.004693,Domestic,
191,0.004788,Domestic,
191,0.005359,Domestic,
191,0.005391,Domestic,
191,0.005549,Domestic,
191,0.00723,Domestic,
192,3.20E-05,Domestic,
192,0.000127,Domestic,
192,0.000127,Domestic,
192,0.00019,Domestic,
192,0.000698,Domestic,
192,0.000729,Domestic,
192,0.000793,Domestic,
192,0.000951,Domestic,
192,0.000983,Domestic,
192,0.001046,Domestic,
192,0.00111,Domestic,
192,0.001205,Domestic,
192,0.001237,Domestic,
192,0.0013,Domestic,
192,0.0013,Domestic,
192,0.001364,Domestic,
192,0.001554,Domestic,
192,0.001617,Domestic,
192,0.001807,Domestic,
192,0.001871,Domestic,
192,0.001871,Domestic,
192,0.001903,Domestic,
192,0.001903,Domestic,
192,0.001966,Domestic,
192,0.002125,Domestic,
192,0.00241,Domestic,
192,0.002568,Domestic,
192,0.002759,Domestic,
192,0.002854,Domestic,
192,0.002854,Domestic,
192,0.00333,Domestic,
192,0.003964,Domestic,
192,0.004154,Domestic,
192,0.004186,Domestic,
192,0.004598,Domestic,
192,0.004598,Domestic,
192,0.004725,Domestic,
192,0.005296,Domestic,
192,0.005422,Domestic,
192,0.006057,Domestic,
192,0.006786,Domestic,
192,0.007547,Domestic,
193,0.001776,Domestic,
193,0.002347,Domestic,
193,0.00241,Domestic,
193,0.002917,Domestic,
193,0.007484,Domestic,
193,0.008435,Domestic,
193,0.009957,Domestic,
193,0.010623,Domestic,
194,3.20E-05,Domestic,
194,3.20E-05,Domestic,
194,3.20E-05,Domestic,
194,6.30E-05,Domestic,
194,0.000127,Domestic,
194,0.000222,Domestic,
194,0.000476,Domestic,
194,0.000539,Domestic,
194,0.000571,Domestic,
194,0.000571,Domestic,
194,0.000602,Domestic,
194,0.000602,Domestic,
194,0.0013,Domestic,
194,0.00149,Domestic,
194,0.001617,Domestic,
194,0.001649,Domestic,
194,0.001681,Domestic,
194,0.001776,Domestic,
194,0.001807,Domestic,
194,0.001903,Domestic,
194,0.001966,Domestic,
194,0.002061,Domestic,
194,0.00222,Domestic,
194,0.00241,Domestic,
194,0.002537,Domestic,
194,0.002568,Domestic,
194,0.003044,Domestic,
194,0.003044,Domestic,
194,0.003171,Domestic,
194,0.003234,Domestic,
194,0.003234,Domestic,
194,0.00333,Domestic,
194,0.003551,Domestic,
194,0.003647,Domestic,
194,0.004186,Domestic,
194,0.004186,Domestic,
194,0.004281,Domestic,
194,0.004471,Domestic,
194,0.004598,Domestic,
194,0.004693,Domestic,
194,0.0052,Domestic,
194,0.005549,Domestic,
194,0.005581,Domestic,
194,0.005613,Domestic,
194,0.008245,Domestic,
194,0.01075,Domestic,
194,0.01075,Domestic,
195,0.001617,Domestic,
195,0.001839,Domestic,
195,0.001934,Domestic,
195,0.005518,Domestic,
195,0.006786,Domestic,
195,0.007484,Domestic,
196,3.20E-05,Domestic,
196,6.30E-05,Domestic,
196,6.30E-05,Domestic,
196,0.00019,Domestic,
196,0.000507,Domestic,
196,0.000888,Domestic,
196,0.001395,Domestic,
196,0.001427,Domestic,
196,0.001554,Domestic,
196,0.001807,Domestic,
196,0.001966,Domestic,
196,0.002061,Domestic,
196,0.00222,Domestic,
196,0.002315,Domestic,
196,0.002505,Domestic,
196,0.002632,Domestic,
196,0.002759,Domestic,
196,0.002854,Domestic,
196,0.002917,Domestic,
196,0.003076,Domestic,
196,0.003203,Domestic,
196,0.003583,Domestic,
196,0.003615,Domestic,
196,0.00371,Domestic,
196,0.005422,Domestic,
196,0.005739,Domestic,
197,0.000571,Domestic,
197,0.003266,Domestic,
197,0.006722,Domestic,
198,0.002442,Domestic,
198,0.0052,Domestic,
199,0.000698,Domestic,
199,0.000793,Domestic,
199,0.001776,Domestic,
199,0.002251,Domestic,
199,0.002442,Domestic,
199,0.007103,Domestic,
199,0.007293,Domestic,
2,0.001078,Domestic,
2,0.001585,Domestic,
2,0.001903,Domestic,
2,0.002473,Domestic,
2,0.004439,Domestic,
2,0.004535,Domestic,
2,0.009069,Domestic,
2,0.010147,Domestic,
20,0.000476,Domestic,
20,0.000539,Domestic,
20,0.000571,Domestic,
20,0.000634,Domestic,
20,0.000666,Domestic,
20,0.000761,Domestic,
20,0.001807,Domestic,
20,0.002378,Domestic,
20,0.002568,Domestic,
20,0.002664,Domestic,
20,0.002917,Domestic,
20,0.003203,Domestic,
20,0.003203,Domestic,
20,0.003298,Domestic,
20,0.003869,Domestic,
20,0.004059,Domestic,
20,0.004915,Domestic,
20,0.005676,Domestic,
20,0.005739,Domestic,
20,0.00612,Domestic,
20,0.006247,Domestic,
200,0.000507,Domestic,
200,0.001205,Domestic,
200,0.001617,Domestic,
200,0.001712,Domestic,
200,0.001839,Domestic,
200,0.00241,Domestic,
200,0.002917,Domestic,
200,0.003456,Domestic,
200,0.003742,Domestic,
200,0.0039,Domestic,
200,0.004344,Domestic,
200,0.00482,Domestic,
201,0.000127,Domestic,
201,0.000698,Domestic,
201,0.001649,Domestic,
201,0.001712,Domestic,
201,0.002061,Domestic,
201,0.002759,Domestic,
201,0.002822,Domestic,
201,0.006374,Domestic,
202,0.001173,Domestic,
202,0.002315,Domestic,
202,0.003456,Domestic,
202,0.006374,Domestic,
202,0.006944,Domestic,
203,0.000159,Domestic,
203,0.000571,Domestic,
203,0.001268,Domestic,
203,0.004503,Domestic,
204,0.000476,Domestic,
204,0.001015,Domestic,
204,0.002632,Domestic,
204,0.002981,Domestic,
204,0.003171,Domestic,
204,0.00352,Domestic,
204,0.003995,Domestic,
204,0.004756,Domestic,
204,0.006057,Domestic,
204,0.006976,Domestic,
204,0.007388,Domestic,
204,0.00964,Domestic,
205,0.000317,Domestic,
205,0.000698,Domestic,
205,0.001585,Domestic,
205,0.001681,Domestic,
205,0.001807,Domestic,
205,0.001839,Domestic,
205,0.001871,Domestic,
205,0.002315,Domestic,
205,0.002981,Domestic,
205,0.003647,Domestic,
205,0.004122,Domestic,
205,0.004217,Domestic,
205,0.004344,Domestic,
205,0.004344,Domestic,
205,0.004471,Domestic,
205,0.00501,Domestic,
205,0.005644,Domestic,
205,0.005866,Domestic,
205,0.044299,Domestic,
206,0.000285,Domestic,
206,0.00092,Domestic,
206,0.001459,Domestic,
206,0.001554,Domestic,
206,0.001903,Domestic,
206,0.00333,Domestic,
206,0.003805,Domestic,
206,0.004313,Domestic,
206,0.004725,Domestic,
206,0.005549,Domestic,
206,0.006057,Domestic,
206,0.006944,Domestic,
206,0.007547,Domestic,
206,0.048801,Domestic,
207,0.005105,Domestic,
208,0.00092,Domestic,
208,0.001871,Domestic,
208,0.002759,Domestic,
208,0.002949,Domestic,
208,0.003171,Domestic,
208,0.003869,Domestic,
208,0.003869,Domestic,
209,6.30E-05,Domestic,
209,6.30E-05,Domestic,
209,6.30E-05,Domestic,
209,9.50E-05,Domestic,
209,0.000127,Domestic,
209,0.000159,Domestic,
209,0.000254,Domestic,
209,0.000666,Domestic,
209,0.000793,Domestic,
209,0.000824,Domestic,
209,0.001142,Domestic,
209,0.001205,Domestic,
209,0.001332,Domestic,
209,0.001364,Domestic,
209,0.001522,Domestic,
209,0.001744,Domestic,
209,0.001934,Domestic,
209,0.002315,Domestic,
209,0.002442,Domestic,
209,0.002822,Domestic,
209,0.003171,Domestic,
209,0.003234,Domestic,
209,0.003234,Domestic,
209,0.003298,Domestic,
209,0.003456,Domestic,
209,0.003742,Domestic,
209,0.003964,Domestic,
209,0.004027,Domestic,
209,0.004186,Domestic,
209,0.004313,Domestic,
209,0.00463,Domestic,
209,0.006627,Domestic,
209,0.006659,Domestic,
209,0.01316,Domestic,
21,3.20E-05,Domestic,
21,0.00019,Domestic,
21,0.000602,Domestic,
21,0.00222,Domestic,
21,0.003742,Domestic,
21,0.003869,Domestic,
21,0.0039,Domestic,
21,0.004122,Domestic,
21,0.004249,Domestic,
210,3.20E-05,Domestic,
210,0.000381,Domestic,
210,0.00149,Domestic,
210,0.001617,Domestic,
210,0.001934,Domestic,
210,0.002442,Domestic,
210,0.002505,Domestic,
210,0.002695,Domestic,
210,0.003456,Domestic,
210,0.005961,Domestic,
210,0.006627,Domestic,
211,3.20E-05,Domestic,
211,0.000285,Domestic,
211,0.000349,Domestic,
211,0.000666,Domestic,
211,0.001015,Domestic,
211,0.001459,Domestic,
211,0.002251,Domestic,
211,0.002917,Domestic,
211,0.003012,Domestic,
211,0.003139,Domestic,
211,0.003615,Domestic,
211,0.004344,Domestic,
211,0.004408,Domestic,
211,0.00463,Domestic,
211,0.01354,Domestic,
211,0.028634,Domestic,
212,6.30E-05,Domestic,
212,0.000222,Domestic,
212,0.000412,Domestic,
212,0.000856,Domestic,
212,0.001903,Domestic,
212,0.001998,Domestic,
212,0.002093,Domestic,
212,0.002695,Domestic,
212,0.003139,Domestic,
212,0.003393,Domestic,
212,0.003995,Domestic,
212,0.005074,Domestic,
212,0.005803,Domestic,
212,0.017092,Domestic,
213,3.20E-05,Domestic,
213,3.20E-05,Domestic,
213,3.20E-05,Domestic,
213,0.000127,Domestic,
213,0.000222,Domestic,
213,0.000254,Domestic,
213,0.000444,Domestic,
213,0.000444,Domestic,
213,0.000507,Domestic,
213,0.000539,Domestic,
213,0.000602,Domestic,
213,0.000698,Domestic,
213,0.000761,Domestic,
213,0.000856,Domestic,
213,0.000888,Domestic,
213,0.00092,Domestic,
213,0.000951,Domestic,
213,0.000983,Domestic,
213,0.000983,Domestic,
213,0.001046,Domestic,
213,0.001046,Domestic,
213,0.001078,Domestic,
213,0.001078,Domestic,
213,0.00111,Domestic,
213,0.001142,Domestic,
213,0.001205,Domestic,
213,0.001268,Domestic,
213,0.001427,Domestic,
213,0.00149,Domestic,
213,0.00149,Domestic,
213,0.00149,Domestic,
213,0.001554,Domestic,
213,0.001554,Domestic,
213,0.001617,Domestic,
213,0.001617,Domestic,
213,0.001617,Domestic,
213,0.001649,Domestic,
213,0.001681,Domestic,
213,0.001744,Domestic,
213,0.001776,Domestic,
213,0.002029,Domestic,
213,0.002029,Domestic,
213,0.002029,Domestic,
213,0.002537,Domestic,
213,0.002854,Domestic,
213,0.002886,Domestic,
213,0.002949,Domestic,
213,0.003012,Domestic,
213,0.003012,Domestic,
213,0.003298,Domestic,
213,0.003298,Domestic,
213,0.003361,Domestic,
213,0.003488,Domestic,
213,0.003995,Domestic,
213,0.004122,Domestic,
213,0.004154,Domestic,
213,0.004249,Domestic,
213,0.004344,Domestic,
213,0.004376,Domestic,
213,0.004471,Domestic,
213,0.00501,Domestic,
213,0.005549,Domestic,
213,0.005613,Domestic,
213,0.00612,Domestic,
213,0.00891,Domestic,
214,0.008276,Domestic,
215,3.20E-05,Domestic,
215,3.20E-05,Domestic,
215,6.30E-05,Domestic,
215,0.000127,Domestic,
215,0.000159,Domestic,
215,0.000222,Domestic,
215,0.000254,Domestic,
215,0.000381,Domestic,
215,0.000571,Domestic,
215,0.000666,Domestic,
215,0.000698,Domestic,
215,0.000729,Domestic,
215,0.000761,Domestic,
215,0.000761,Domestic,
215,0.000824,Domestic,
215,0.000888,Domestic,
215,0.000888,Domestic,
215,0.000951,Domestic,
215,0.001015,Domestic,
215,0.001015,Domestic,
215,0.001015,Domestic,
215,0.001078,Domestic,
215,0.001078,Domestic,
215,0.001173,Domestic,
215,0.001268,Domestic,
215,0.001268,Domestic,
215,0.001395,Domestic,
215,0.001395,Domestic,
215,0.001427,Domestic,
215,0.001459,Domestic,
215,0.001522,Domestic,
215,0.001649,Domestic,
215,0.001649,Domestic,
215,0.001649,Domestic,
215,0.001712,Domestic,
215,0.001839,Domestic,
215,0.001839,Domestic,
215,0.001871,Domestic,
215,0.001903,Domestic,
215,0.001934,Domestic,
215,0.001966,Domestic,
215,0.002125,Domestic,
215,0.002188,Domestic,
215,0.002188,Domestic,
215,0.00222,Domestic,
215,0.00222,Domestic,
215,0.002251,Domestic,
215,0.002315,Domestic,
215,0.002315,Domestic,
215,0.002315,Domestic,
215,0.002347,Domestic,
215,0.002347,Domestic,
215,0.002347,Domestic,
215,0.002378,Domestic,
215,0.00241,Domestic,
215,0.002505,Domestic,
215,0.002568,Domestic,
215,0.0026,Domestic,
215,0.002664,Domestic,
215,0.002695,Domestic,
215,0.002695,Domestic,
215,0.002727,Domestic,
215,0.002759,Domestic,
215,0.002822,Domestic,
215,0.002854,Domestic,
215,0.002854,Domestic,
215,0.002981,Domestic,
215,0.003012,Domestic,
215,0.003108,Domestic,
215,0.003171,Domestic,
215,0.003171,Domestic,
215,0.003203,Domestic,
215,0.003266,Domestic,
215,0.003298,Domestic,
215,0.003583,Domestic,
215,0.003615,Domestic,
215,0.003647,Domestic,
215,0.003773,Domestic,
215,0.003773,Domestic,
215,0.003869,Domestic,
215,0.004027,Domestic,
215,0.004281,Domestic,
215,0.004376,Domestic,
215,0.004503,Domestic,
215,0.004566,Domestic,
215,0.00463,Domestic,
215,0.004756,Domestic,
215,0.005232,Domestic,
215,0.005264,Domestic,
215,0.005644,Domestic,
215,0.005771,Domestic,
215,0.005835,Domestic,
215,0.00612,Domestic,
215,0.00704,Domestic,
215,0.007198,Domestic,
215,0.008149,Domestic,
215,0.008308,Domestic,
215,0.00834,Domestic,
216,3.20E-05,Domestic,
216,3.20E-05,Domestic,
216,9.50E-05,Domestic,
216,9.50E-05,Domestic,
216,0.000159,Domestic,
216,0.000159,Domestic,
216,0.00019,Domestic,
216,0.000317,Domestic,
216,0.000349,Domestic,
216,0.000349,Domestic,
216,0.000412,Domestic,
216,0.000412,Domestic,
216,0.000412,Domestic,
216,0.000412,Domestic,
216,0.000476,Domestic,
216,0.000539,Domestic,
216,0.000666,Domestic,
216,0.000698,Domestic,
216,0.000698,Domestic,
216,0.000729,Domestic,
216,0.000729,Domestic,
216,0.000824,Domestic,
216,0.000824,Domestic,
216,0.000888,Domestic,
216,0.000951,Domestic,
216,0.001078,Domestic,
216,0.00111,Domestic,
216,0.001205,Domestic,
216,0.001205,Domestic,
216,0.001237,Domestic,
216,0.0013,Domestic,
216,0.001332,Domestic,
216,0.001332,Domestic,
216,0.001427,Domestic,
216,0.001459,Domestic,
216,0.001522,Domestic,
216,0.001585,Domestic,
216,0.001681,Domestic,
216,0.001807,Domestic,
216,0.001966,Domestic,
216,0.001998,Domestic,
216,0.002093,Domestic,
216,0.002093,Domestic,
216,0.002125,Domestic,
216,0.002188,Domestic,
216,0.002251,Domestic,
216,0.00241,Domestic,
216,0.00241,Domestic,
216,0.002759,Domestic,
216,0.002981,Domestic,
216,0.003583,Domestic,
216,0.004186,Domestic,
216,0.004313,Domestic,
216,0.004439,Domestic,
216,0.005708,Domestic,
216,0.006596,Domestic,
217,6.30E-05,Domestic,
217,6.30E-05,Domestic,
217,9.50E-05,Domestic,
217,9.50E-05,Domestic,
217,0.000159,Domestic,
217,0.000159,Domestic,
217,0.000159,Domestic,
217,0.00019,Domestic,
217,0.000222,Domestic,
217,0.000317,Domestic,
217,0.000349,Domestic,
217,0.000381,Domestic,
217,0.000444,Domestic,
217,0.000539,Domestic,
217,0.000634,Domestic,
217,0.000698,Domestic,
217,0.000698,Domestic,
217,0.000729,Domestic,
217,0.000729,Domestic,
217,0.000856,Domestic,
217,0.000888,Domestic,
217,0.00092,Domestic,
217,0.000951,Domestic,
217,0.000983,Domestic,
217,0.001015,Domestic,
217,0.001015,Domestic,
217,0.001142,Domestic,
217,0.001142,Domestic,
217,0.001205,Domestic,
217,0.001205,Domestic,
217,0.001268,Domestic,
217,0.001332,Domestic,
217,0.001427,Domestic,
217,0.001427,Domestic,
217,0.001459,Domestic,
217,0.001585,Domestic,
217,0.001839,Domestic,
217,0.001839,Domestic,
217,0.001903,Domestic,
217,0.001966,Domestic,
217,0.002061,Domestic,
217,0.002125,Domestic,
217,0.002378,Domestic,
217,0.002442,Domestic,
217,0.002473,Domestic,
217,0.002759,Domestic,
217,0.002981,Domestic,
217,0.003203,Domestic,
217,0.003266,Domestic,
217,0.00333,Domestic,
217,0.003456,Domestic,
217,0.003869,Domestic,
217,0.004027,Domestic,
217,0.005042,Domestic,
217,0.005105,Domestic,
217,0.005137,Domestic,
217,0.005359,Domestic,
217,0.005422,Domestic,
217,0.006405,Domestic,
217,0.006532,Domestic,
217,0.006754,Domestic,
217,0.010686,Domestic,
217,0.015665,Domestic,
218,0.029775,Domestic,
219,0.001237,Domestic,
219,0.001681,Domestic,
219,0.001776,Domestic,
219,0.002283,Domestic,
219,0.00241,Domestic,
219,0.004503,Domestic,
219,0.006532,Domestic,
22,0.000349,Domestic,
22,0.000761,Domestic,
22,0.0013,Domestic,
22,0.001427,Domestic,
22,0.002347,Domestic,
22,0.006849,Domestic,
220,0.00019,Domestic,
220,0.003108,Domestic,
220,0.006849,Domestic,
221,3.20E-05,Domestic,
221,6.30E-05,Domestic,
221,0.000254,Domestic,
221,0.000539,Domestic,
221,0.000729,Domestic,
221,0.001332,Domestic,
221,0.001332,Domestic,
221,0.001554,Domestic,
221,0.001744,Domestic,
221,0.002029,Domestic,
221,0.002093,Domestic,
221,0.002251,Domestic,
221,0.002315,Domestic,
221,0.002378,Domestic,
221,0.002505,Domestic,
221,0.002568,Domestic,
221,0.002727,Domestic,
221,0.002727,Domestic,
221,0.002759,Domestic,
221,0.003171,Domestic,
221,0.00352,Domestic,
221,0.003551,Domestic,
221,0.003932,Domestic,
221,0.003995,Domestic,
221,0.004027,Domestic,
221,0.004376,Domestic,
221,0.004598,Domestic,
221,0.004756,Domestic,
221,0.006976,Domestic,
221,0.132927,Domestic,
225,0.002632,Domestic,
225,0.003234,Domestic,
226,0.000285,Domestic,
226,0.002854,Domestic,
226,0.003012,Domestic,
226,0.003425,Domestic,
226,0.004059,Domestic,
226,0.005391,Domestic,
226,0.015316,Domestic,
228,0.004376,Domestic,
23,0.000951,Domestic,
23,0.002347,Domestic,
23,0.005074,Domestic,
230,0.000824,Domestic,
230,0.00352,Domestic,
230,0.006691,Domestic,
230,0.009513,Domestic,
231,0.00463,Domestic,
231,0.0052,Domestic,
232,0.001142,Domestic,
232,0.001934,Domestic,
232,0.0026,Domestic,
232,0.00482,Domestic,
232,0.48,Industrial,
232,2,Pool,
234,0.003964,Domestic,
234,0.004915,Domestic,
234,0.005708,Domestic,
234,0.008657,Domestic,
236,9.50E-05,Domestic,
236,0.000222,Domestic,
236,0.000254,Domestic,
236,0.000317,Domestic,
236,0.002568,Domestic,
24,0.000159,Domestic,
24,0.000317,Domestic,
24,0.001015,Domestic,
24,0.002759,Domestic,
24,0.006279,Domestic,
24,0.006469,Domestic,
24,0.012462,Domestic,
244,0.007357,Domestic,
246,0.001364,Domestic,
246,0.001459,Domestic,
247,0.002917,Domestic,
247,0.023085,Domestic,
25,0.001237,Domestic,
25,0.002347,Domestic,
25,0.002822,Domestic,
25,0.003488,Domestic,
25,0.004249,Domestic,
250,0.001776,Domestic,
250,0.004756,Domestic,
250,0.010084,Domestic,
251,0.000159,Domestic,
251,0.000951,Domestic,
251,0.00111,Domestic,
254,0.001998,Domestic,
254,0.004883,Domestic,
255,0.001205,Domestic,
256,0.001649,Domestic,
258,0.002949,Domestic,
258,0.014745,Domestic,
259,0.003583,Domestic,
259,0.003615,Domestic,
259,0.004376,Domestic,
259,0.0052,Domestic,
259,0.006215,Domestic,
26,0.000476,Domestic,
26,0.000539,Domestic,
26,0.002029,Domestic,
26,0.002664,Domestic,
26,0.002822,Domestic,
26,0.002886,Domestic,
26,0.002949,Domestic,
260,0.004883,Domestic,
263,0.002125,Domestic,
263,0.003108,Domestic,
266,0.000507,Domestic,
266,0.001712,Domestic,
266,0.002505,Domestic,
266,0.004915,Domestic,
266,0.005518,Domestic,
266,0.005644,Domestic,
266,0.007325,Domestic,
266,0.007484,Domestic,
266,0.009291,Domestic,
266,0.011289,Domestic,
267,0.11498,Domestic,
268,0.006786,Domestic,
269,0.000349,Domestic,
269,0.000856,Domestic,
269,0.000983,Domestic,
269,0.000983,Domestic,
269,0.001332,Domestic,
269,0.00149,Domestic,
269,0.00149,Domestic,
269,0.001585,Domestic,
269,0.001712,Domestic,
269,0.002125,Domestic,
269,0.002251,Domestic,
269,0.002378,Domestic,
269,0.002854,Domestic,
269,0.002886,Domestic,
269,0.003076,Domestic,
269,0.003266,Domestic,
269,0.003615,Domestic,
269,0.003647,Domestic,
269,0.003678,Domestic,
269,0.004408,Domestic,
269,0.00463,Domestic,
269,0.004852,Domestic,
269,0.005518,Domestic,
269,0.005549,Domestic,
269,0.006025,Domestic,
269,0.007801,Domestic,
27,3.20E-05,Domestic,
27,3.20E-05,Domestic,
27,6.30E-05,Domestic,
27,0.000127,Domestic,
27,0.000381,Domestic,
27,0.000824,Domestic,
27,0.000951,Domestic,
27,0.000983,Domestic,
27,0.001078,Domestic,
27,0.001173,Domestic,
27,0.001332,Domestic,
27,0.001522,Domestic,
27,0.001744,Domestic,
27,0.001839,Domestic,
27,0.001998,Domestic,
27,0.002061,Domestic,
27,0.002188,Domestic,
27,0.002347,Domestic,
27,0.002568,Domestic,
27,0.002664,Domestic,
27,0.002854,Domestic,
27,0.003266,Domestic,
27,0.003425,Domestic,
27,0.003837,Domestic,
27,0.0039,Domestic,
27,0.004503,Domestic,
27,0.005327,Domestic,
27,0.005581,Domestic,
27,0.005644,Domestic,
27,0.005803,Domestic,
27,0.007991,Domestic,
272,3.20E-05,Domestic,
272,0.000127,Domestic,
272,0.000222,Domestic,
272,0.000222,Domestic,
272,0.000761,Domestic,
272,0.001268,Domestic,
272,0.001427,Domestic,
272,0.001649,Domestic,
272,0.002251,Domestic,
272,0.0026,Domestic,
272,0.002886,Domestic,
272,0.003108,Domestic,
272,0.003393,Domestic,
272,0.003488,Domestic,
272,0.003932,Domestic,
272,0.003964,Domestic,
272,0.004122,Domestic,
272,0.004376,Domestic,
272,0.004408,Domestic,
272,0.005454,Domestic,
272,0.005993,Domestic,
272,0.006088,Domestic,
272,0.006469,Domestic,
272,0.006532,Domestic,
272,0.011606,Domestic,
273,3.20E-05,Domestic,
273,3.20E-05,Domestic,
273,3.20E-05,Domestic,
273,0.000127,Domestic,
273,0.000159,Domestic,
273,0.000254,Domestic,
273,0.000349,Domestic,
273,0.000349,Domestic,
273,0.000381,Domestic,
273,0.000412,Domestic,
273,0.000444,Domestic,
273,0.000507,Domestic,
273,0.000507,Domestic,
273,0.000634,Domestic,
273,0.000761,Domestic,
273,0.000793,Domestic,
273,0.001015,Domestic,
273,0.001364,Domestic,
273,0.001364,Domestic,
273,0.001903,Domestic,
273,0.001998,Domestic,
273,0.002061,Domestic,
273,0.002061,Domestic,
273,0.002093,Domestic,
273,0.002347,Domestic,
273,0.00241,Domestic,
273,0.002537,Domestic,
273,0.002632,Domestic,
273,0.002664,Domestic,
273,0.002727,Domestic,
273,0.00279,Domestic,
273,0.002822,Domestic,
273,0.002854,Domestic,
273,0.002886,Domestic,
273,0.002917,Domestic,
273,0.002949,Domestic,
273,0.003076,Domestic,
273,0.003266,Domestic,
273,0.003266,Domestic,
273,0.003298,Domestic,
273,0.003298,Domestic,
273,0.003361,Domestic,
273,0.003583,Domestic,
273,0.003773,Domestic,
273,0.004027,Domestic,
273,0.004091,Domestic,
273,0.004091,Domestic,
273,0.004313,Domestic,
273,0.004852,Domestic,
273,0.004883,Domestic,
273,0.004978,Domestic,
273,0.005422,Domestic,
273,0.005518,Domestic,
273,0.005549,Domestic,
273,0.005771,Domestic,
273,0.005803,Domestic,
273,0.005835,Domestic,
273,0.006025,Domestic,
273,0.00631,Domestic,
273,0.006627,Domestic,
273,0.006627,Domestic,
273,0.006818,Domestic,
273,0.006881,Domestic,
273,0.006913,Domestic,
273,0.007293,Domestic,
273,0.007293,Domestic,
273,0.00761,Domestic,
273,0.010084,Domestic,
274,0.026826,Domestic,
276,0.002283,Domestic,
29,0.00872,Domestic,
3,0.000856,Domestic,
3,0.001649,Domestic,
3,0.002378,Domestic,
3,0.004408,Domestic,
3,0.004725,Domestic,
3,0.005391,Domestic,
3,0.006596,Domestic,
3,0.007674,Domestic,
30,0.003647,Domestic,
31,3.20E-05,Domestic,
31,0.000666,Domestic,
31,0.001078,Domestic,
31,0.002886,Domestic,
31,0.00482,Domestic,
31,0.006342,Domestic,
32,0.005422,Domestic,
32,0.006342,Domestic,
32,0.008023,Domestic,
33,0.000444,Domestic,
34,0.004598,Domestic,
34,0.005074,Domestic,
34,0.016299,Domestic,
35,0.006437,Domestic,
38,0.000698,Domestic,
38,0.0013,Domestic,
38,0.001554,Domestic,
38,0.001998,Domestic,
38,0.002537,Domestic,
38,0.002727,Domestic,
38,0.005835,Domestic,
38,0.006215,Domestic,
38,0.006247,Domestic,
38,0.006754,Domestic,
38,0.010718,Domestic,
39,0.000951,Domestic,
39,0.002125,Domestic,
39,0.003964,Domestic,
39,0.004217,Domestic,
39,0.004344,Domestic,
39,0.005391,Domestic,
39,0.005739,Domestic,
39,0.006437,Domestic,
39,0.009862,Domestic,
39,0.010496,Domestic,
39,0.044964,Domestic,
4,0.00149,Domestic,
4,0.003361,Domestic,
4,0.0039,Domestic,
4,0.007135,Domestic,
40,0.022514,Domestic,
40,0.062373,Domestic,
41,3.20E-05,Domestic,
41,0.000349,Domestic,
41,0.000983,Domestic,
41,0.001681,Domestic,
41,0.002093,Domestic,
41,0.00222,Domestic,
41,0.002822,Domestic,
41,0.003012,Domestic,
41,0.003203,Domestic,
41,0.004027,Domestic,
41,0.004725,Domestic,
41,0.005803,Domestic,
41,0.005803,Domestic,
42,6.30E-05,Domestic,
42,0.000349,Domestic,
42,0.000381,Domestic,
42,0.000634,Domestic,
42,0.000761,Domestic,
42,0.000888,Domestic,
42,0.001268,Domestic,
42,0.001554,Domestic,
42,0.002156,Domestic,
42,0.00222,Domestic,
42,0.002442,Domestic,
42,0.002759,Domestic,
42,0.002822,Domestic,
42,0.003076,Domestic,
42,0.003108,Domestic,
42,0.003139,Domestic,
42,0.003203,Domestic,
42,0.003298,Domestic,
42,0.003361,Domestic,
42,0.003773,Domestic,
42,0.003964,Domestic,
42,0.004027,Domestic,
42,0.004059,Domestic,
42,0.004186,Domestic,
42,0.004313,Domestic,
42,0.004344,Domestic,
42,0.004725,Domestic,
42,0.004883,Domestic,
42,0.005422,Domestic,
42,0.005518,Domestic,
42,0.006025,Domestic,
42,0.00631,Domestic,
42,0.006596,Domestic,
43,3.20E-05,Domestic,
43,3.20E-05,Domestic,
43,0.000159,Domestic,
43,0.000254,Domestic,
43,0.000507,Domestic,
43,0.000824,Domestic,
43,0.00092,Domestic,
43,0.001459,Domestic,
43,0.001839,Domestic,
43,0.002632,Domestic,
43,0.002727,Domestic,
43,0.003234,Domestic,
43,0.003615,Domestic,
43,0.004376,Domestic,
43,0.004725,Domestic,
43,0.005296,Domestic,
43,0.005454,Domestic,
43,0.005644,Domestic,
43,0.006342,Domestic,
44,0.0013,Domestic,
44,0.003678,Domestic,
45,0.000412,Domestic,
45,0.000634,Domestic,
45,0.000951,Domestic,
45,0.001015,Domestic,
45,0.00111,Domestic,
45,0.002029,Domestic,
45,0.002886,Domestic,
45,0.004027,Domestic,
45,0.006849,Domestic,
45,0.015474,Domestic,
46,3.20E-05,Domestic,
46,3.20E-05,Domestic,
46,0.000444,Domestic,
46,0.000793,Domestic,
46,0.000856,Domestic,
46,0.000888,Domestic,
46,0.001015,Domestic,
46,0.001015,Domestic,
46,0.002727,Domestic,
46,0.004122,Domestic,
46,0.004249,Domestic,
46,0.004408,Domestic,
47,6.30E-05,Domestic,
47,9.50E-05,Domestic,
47,0.000127,Domestic,
47,0.000349,Domestic,
47,0.000444,Domestic,
47,0.00092,Domestic,
47,0.001237,Domestic,
47,0.002347,Domestic,
47,0.002632,Domestic,
47,0.003171,Domestic,
47,0.003203,Domestic,
47,0.003615,Domestic,
47,0.003615,Domestic,
47,0.004154,Domestic,
47,0.004217,Domestic,
47,0.005739,Domestic,
47,0.005993,Domestic,
47,0.00612,Domestic,
47,0.008371,Domestic,
48,3.20E-05,Domestic,
48,9.50E-05,Domestic,
48,0.000127,Domestic,
48,0.000159,Domestic,
48,0.000507,Domestic,
48,0.001998,Domestic,
48,0.002156,Domestic,
48,0.002378,Domestic,
48,0.002473,Domestic,
48,0.00279,Domestic,
48,0.002949,Domestic,
48,0.002981,Domestic,
48,0.003203,Domestic,
48,0.00371,Domestic,
48,0.003773,Domestic,
48,0.003805,Domestic,
48,0.0039,Domestic,
48,0.003932,Domestic,
48,0.004027,Domestic,
48,0.00463,Domestic,
48,0.004756,Domestic,
48,0.004756,Domestic,
48,0.004788,Domestic,
48,0.004852,Domestic,
48,0.00593,Domestic,
48,0.009767,Domestic,
48,0.010084,Domestic,
48,0.010559,Domestic,
49,0.001554,Domestic,
49,0.002537,Domestic,
49,0.003076,Domestic,
49,0.004598,Domestic,
49,0.005042,Domestic,
49,0.008625,Domestic,
49,0.027809,Domestic,
50,0.000159,Domestic,
50,0.000285,Domestic,
50,0.000412,Domestic,
50,0.000412,Domestic,
50,0.000698,Domestic,
50,0.000729,Domestic,
50,0.000793,Domestic,
50,0.00092,Domestic,
50,0.00092,Domestic,
50,0.000951,Domestic,
50,0.001046,Domestic,
50,0.00111,Domestic,
50,0.001237,Domestic,
50,0.001395,Domestic,
50,0.001649,Domestic,
50,0.001681,Domestic,
50,0.001934,Domestic,
50,0.001966,Domestic,
50,0.0026,Domestic,
50,0.0026,Domestic,
50,0.00279,Domestic,
50,0.003393,Domestic,
50,0.003393,Domestic,
50,0.003583,Domestic,
50,0.00371,Domestic,
50,0.003964,Domestic,
50,0.003995,Domestic,
50,0.004122,Domestic,
50,0.004122,Domestic,
50,0.004186,Domestic,
50,0.004566,Domestic,
50,0.005581,Domestic,
50,0.006881,Domestic,
50,0.007166,Domestic,
50,0.008403,Domestic,
50,0.009069,Domestic,
51,9.50E-05,Domestic,
51,0.000285,Domestic,
51,0.000349,Domestic,
51,0.000444,Domestic,
51,0.000824,Domestic,
51,0.000888,Domestic,
51,0.000951,Domestic,
51,0.000951,Domestic,
51,0.000983,Domestic,
51,0.001237,Domestic,
51,0.001268,Domestic,
51,0.001364,Domestic,
51,0.001427,Domestic,
51,0.00149,Domestic,
51,0.001649,Domestic,
51,0.001712,Domestic,
51,0.001776,Domestic,
51,0.001839,Domestic,
51,0.001903,Domestic,
51,0.002029,Domestic,
51,0.002156,Domestic,
51,0.002156,Domestic,
51,0.002156,Domestic,
51,0.00222,Domestic,
51,0.002251,Domestic,
51,0.002315,Domestic,
51,0.002347,Domestic,
51,0.00241,Domestic,
51,0.002473,Domestic,
51,0.002505,Domestic,
51,0.002537,Domestic,
51,0.002537,Domestic,
51,0.002632,Domestic,
51,0.002664,Domestic,
51,0.002695,Domestic,
51,0.002727,Domestic,
51,0.002759,Domestic,
51,0.002759,Domestic,
51,0.002981,Domestic,
51,0.003139,Domestic,
51,0.00333,Domestic,
51,0.003361,Domestic,
51,0.003393,Domestic,
51,0.003488,Domestic,
51,0.003647,Domestic,
51,0.003964,Domestic,
51,0.003995,Domestic,
51,0.004408,Domestic,
51,0.004471,Domestic,
51,0.005074,Domestic,
51,0.005359,Domestic,
51,0.005549,Domestic,
51,0.005644,Domestic,
51,0.006088,Domestic,
51,0.008308,Domestic,
51,0.008942,Domestic,
51,0.010623,Domestic,
53,0.0013,Domestic,
53,0.001522,Domestic,
53,0.001712,Domestic,
53,0.002093,Domestic,
53,0.003837,Domestic,
53,0.006437,Domestic,
53,0.008054,Domestic,
54,3.20E-05,Domestic,
54,9.50E-05,Domestic,
54,0.000571,Domestic,
54,0.001046,Domestic,
54,0.001649,Domestic,
54,0.002029,Domestic,
54,0.002188,Domestic,
54,0.002315,Domestic,
54,0.002347,Domestic,
54,0.002854,Domestic,
54,0.002854,Domestic,
54,0.002917,Domestic,
54,0.003234,Domestic,
54,0.003266,Domestic,
54,0.003266,Domestic,
54,0.003773,Domestic,
54,0.004027,Domestic,
54,0.004059,Domestic,
54,0.004091,Domestic,
54,0.004122,Domestic,
54,0.004344,Domestic,
54,0.004661,Domestic,
54,0.00482,Domestic,
54,0.005105,Domestic,
54,0.0052,Domestic,
54,0.005264,Domestic,
54,0.005264,Domestic,
54,0.005296,Domestic,
54,0.005454,Domestic,
54,0.005581,Domestic,
54,0.005961,Domestic,
54,0.006057,Domestic,
54,0.006183,Domestic,
54,0.00631,Domestic,
54,0.007198,Domestic,
54,0.008784,Domestic,
54,0.020009,Domestic,
55,0.001427,Domestic,
55,0.003615,Domestic,
55,0.009386,Domestic,
56,0.000602,Domestic,
56,0.002188,Domestic,
56,0.002949,Domestic,
57,3.20E-05,Domestic,
57,0.00019,Domestic,
57,0.000285,Domestic,
57,0.000349,Domestic,
57,0.000381,Domestic,
57,0.000444,Domestic,
57,0.000824,Domestic,
57,0.001554,Domestic,
57,0.002537,Domestic,
57,0.004661,Domestic,
57,0.007008,Domestic,
58,0.003298,Domestic,
58,0.005232,Domestic,
59,0.000127,Domestic,
59,0.000254,Domestic,
59,0.000539,Domestic,
59,0.00092,Domestic,
59,0.001237,Domestic,
59,0.001934,Domestic,
59,0.001998,Domestic,
59,0.002029,Domestic,
59,0.002061,Domestic,
59,0.002156,Domestic,
59,0.003361,Domestic,
59,0.003678,Domestic,
59,0.004376,Domestic,
59,0.004852,Domestic,
59,0.004947,Domestic,
59,0.005327,Domestic,
59,0.005518,Domestic,
59,0.008118,Domestic,
59,0.008308,Domestic,
59,0.009323,Domestic,
59,0.009735,Domestic,
59,0.009893,Domestic,
59,0.011669,Domestic,
6,0.000317,Domestic,
6,0.000729,Domestic,
6,0.0013,Domestic,
6,0.001585,Domestic,
6,0.001966,Domestic,
6,0.002188,Domestic,
6,0.002442,Domestic,
6,0.002505,Domestic,
6,0.002695,Domestic,
6,0.002822,Domestic,
6,0.003108,Domestic,
6,0.00371,Domestic,
6,0.004408,Domestic,
6,0.004439,Domestic,
6,0.004725,Domestic,
6,0.004852,Domestic,
6,0.00501,Domestic,
6,0.005042,Domestic,
6,0.005327,Domestic,
6,0.005581,Domestic,
6,0.00593,Domestic,
6,0.006564,Domestic,
6,0.006754,Domestic,
6,0.006818,Domestic,
6,0.008688,Domestic,
6,0.009354,Domestic,
6,0.009513,Domestic,
6,0.01262,Domestic,
60,0.000856,Domestic,
60,0.001681,Domestic,
60,0.00241,Domestic,
60,0.003171,Domestic,
60,0.003488,Domestic,
60,0.004122,Domestic,
60,0.006215,Domestic,
60,0.006405,Domestic,
60,0.008118,Domestic,
61,0.00019,Domestic,
61,0.000222,Domestic,
61,0.000317,Domestic,
61,0.000571,Domestic,
61,0.000888,Domestic,
61,0.000983,Domestic,
61,0.001459,Domestic,
61,0.001522,Domestic,
61,0.00222,Domestic,
63,0.000159,Domestic,
63,0.000222,Domestic,
63,0.000793,Domestic,
63,0.000824,Domestic,
63,0.00111,Domestic,
63,0.001364,Domestic,
63,0.001522,Domestic,
63,0.001585,Domestic,
63,0.001966,Domestic,
63,0.006183,Domestic,
63,0.006437,Domestic,
63,0.055841,Domestic,
64,0.000381,Domestic,
64,0.000507,Domestic,
64,0.002505,Domestic,
65,0.000127,Domestic,
65,0.000381,Domestic,
65,0.000412,Domestic,
65,0.000602,Domestic,
65,0.000951,Domestic,
65,0.001078,Domestic,
65,0.00111,Domestic,
65,0.002061,Domestic,
65,0.002632,Domestic,
65,0.003298,Domestic,
65,0.01094,Domestic,
66,0.000317,Domestic,
66,0.000507,Domestic,
66,0.000602,Domestic,
66,0.001268,Domestic,
66,0.115836,Domestic,
67,0.000634,Domestic,
67,0.001015,Domestic,
67,0.001046,Domestic,
67,0.001807,Domestic,
67,0.002029,Domestic,
67,0.002188,Domestic,
69,0.000127,Domestic,
69,0.000159,Domestic,
69,0.0013,Domestic,
69,0.003266,Domestic,
69,0.005835,Domestic,
69,0.018201,Domestic,
69,0.056665,Domestic,
7,0.000571,Domestic,
7,0.002442,Domestic,
7,0.003139,Domestic,
70,0.001776,Domestic,
70,0.006088,Domestic,
70,0.058505,Domestic,
70,0.075945,Domestic,
71,0.000761,Domestic,
71,0.003742,Domestic,
71,0.003742,Domestic,
71,0.004947,Domestic,
71,0.011384,Domestic,
71,0.014238,Domestic,
72,0.000381,Domestic,
72,0.0013,Domestic,
72,0.006754,Domestic,
72,0.009798,Domestic,
73,0.000222,Domestic,
73,0.000349,Domestic,
73,0.000698,Domestic,
73,0.000761,Domestic,
73,0.000824,Domestic,
73,0.001268,Domestic,
73,0.001364,Domestic,
73,0.001395,Domestic,
73,0.003044,Domestic,
73,0.007674,Domestic,
73,0.008752,Domestic,
74,0.000127,Domestic,
74,0.00019,Domestic,
74,0.000254,Domestic,
74,0.000476,Domestic,
74,0.000824,Domestic,
74,0.001205,Domestic,
74,0.001617,Domestic,
74,0.0026,Domestic,
74,0.010401,Domestic,
75,0.000127,Domestic,
75,0.000285,Domestic,
75,0.000602,Domestic,
75,0.001332,Domestic,
75,0.001395,Domestic,
75,0.003583,Domestic,
76,0.00222,Domestic,
76,0.015062,Domestic,
8,0.000856,Domestic,
8,0.001522,Domestic,
8,0.002347,Domestic,
8,0.00279,Domestic,
8,0.003076,Domestic,
8,0.006215,Domestic,
8,0.006405,Domestic,
80,0.000602,Domestic,
80,0.005771,Domestic,
82,0.031488,Domestic,
84,3.20E-05,Domestic,
84,6.30E-05,Domestic,
84,0.000127,Domestic,
84,0.000127,Domestic,
84,0.000254,Domestic,
84,0.000285,Domestic,
84,0.000539,Domestic,
84,0.00092,Domestic,
84,0.000983,Domestic,
84,0.00149,Domestic,
84,0.001522,Domestic,
84,0.001554,Domestic,
84,0.001681,Domestic,
84,0.001807,Domestic,
84,0.001966,Domestic,
84,0.002188,Domestic,
84,0.002283,Domestic,
84,0.002315,Domestic,
84,0.002568,Domestic,
84,0.00279,Domestic,
84,0.00371,Domestic,
84,0.003773,Domestic,
84,0.003995,Domestic,
84,0.004186,Domestic,
84,0.004313,Domestic,
84,0.005264,Domestic,
85,3.20E-05,Domestic,
85,0.000888,Domestic,
85,0.003171,Domestic,
85,0.004186,Domestic,
85,0.005264,Domestic,
85,0.00872,Domestic,
89,0.001617,Domestic,
89,0.001966,Domestic,
89,0.002886,Domestic,
89,0.003393,Domestic,
89,0.004059,Domestic,
89,0.004503,Domestic,
9,0.000602,Domestic,
9,0.001427,Domestic,
9,0.001807,Domestic,
9,0.002029,Domestic,
9,0.00241,Domestic,
9,0.002568,Domestic,
9,0.002632,Domestic,
9,0.002822,Domestic,
9,0.004027,Domestic,
9,0.004186,Domestic,
9,0.005137,Domestic,
9,0.006183,Domestic,
9,0.006849,Domestic,
91,3.20E-05,Domestic,
91,0.001015,Domestic,
92,0.001046,Domestic,
92,0.001078,Domestic,
92,0.002442,Domestic,
92,0.00333,Domestic,
92,0.003488,Domestic,
92,0.004471,Domestic,
92,0.006152,Domestic,
93,9.50E-05,Domestic,
93,0.000349,Domestic,
93,0.00092,Domestic,
93,0.001395,Domestic,
93,0.00149,Domestic,
93,0.001712,Domestic,
93,0.002315,Domestic,
93,0.002822,Domestic,
94,0.000539,Domestic,
95,0.00222,Domestic,
96,3.20E-05,Domestic,
96,0.000159,Domestic,
96,0.001681,Domestic,
96,0.001744,Domestic,
96,0.001934,Domestic,
96,0.001934,Domestic,
96,0.001966,Domestic,
96,0.00222,Domestic,
96,0.002759,Domestic,
96,0.003171,Domestic,
96,0.003203,Domestic,
96,0.003298,Domestic,
96,0.003456,Domestic,
96,0.003456,Domestic,
96,0.003615,Domestic,
96,0.003678,Domestic,
96,0.0039,Domestic,
96,0.004122,Domestic,
96,0.004503,Domestic,
96,0.004566,Domestic,
96,0.00482,Domestic,
96,0.006627,Domestic,
96,0.014333,Domestic,
97,3.20E-05,Domestic,
97,6.30E-05,Domestic,
97,0.000127,Domestic,
97,0.000761,Domestic,
97,0.000856,Domestic,
97,0.000951,Domestic,
97,0.000983,Domestic,
97,0.001237,Domestic,
97,0.001237,Domestic,
97,0.001332,Domestic,
97,0.001427,Domestic,
97,0.001585,Domestic,
97,0.001681,Domestic,
97,0.001776,Domestic,
97,0.001776,Domestic,
97,0.002061,Domestic,
97,0.002156,Domestic,
97,0.002347,Domestic,
97,0.00241,Domestic,
97,0.002505,Domestic,
97,0.002568,Domestic,
97,0.002568,Domestic,
97,0.002727,Domestic,
97,0.002727,Domestic,
97,0.002822,Domestic,
97,0.002981,Domestic,
97,0.003044,Domestic,
97,0.003139,Domestic,
97,0.003139,Domestic,
97,0.003139,Domestic,
97,0.003615,Domestic,
97,0.003678,Domestic,
97,0.0039,Domestic,
97,0.004122,Domestic,
97,0.004154,Domestic,
97,0.004217,Domestic,
97,0.004598,Domestic,
97,0.005327,Domestic,
97,0.005739,Domestic,
97,0.006564,Domestic,
98,0.002442,Domestic,
99,6.30E-05,Domestic,
99,0.000254,Domestic,
99,0.000317,Domestic,
99,0.000698,Domestic,
99,0.000824,Domestic,
99,0.00111,Domestic,
99,0.001205,Domestic,
99,0.001268,Domestic,
99,0.001903,Domestic,
99,0.002061,Domestic,
99,0.002251,Domestic,
99,0.002283,Domestic,
99,0.002442,Domestic,
99,0.002473,Domestic,
99,0.002473,Domestic,
99,0.002632,Domestic,
99,0.00279,Domestic,
99,0.00371,Domestic,
99,0.00371,Domestic,
99,0.003742,Domestic,
99,0.003837,Domestic,
99,0.0039,Domestic,
99,0.004693,Domestic,
99,0.004788,Domestic,
99,0.004978,Domestic,
99,0.005105,Domestic,
99,0.005835,Domestic,
99,0.007008,Domestic,
99,0.007357,Domestic,
1111,3.20E-05,Domestic,
1111,0.000444,Domestic,
1111,0.001459,Domestic,
1111,0.001554,Domestic,
1111,0.001585,Domestic,
1111,0.002156,Domestic,
1111,0.002283,Domestic,
1111,0.002949,Domestic,
1111,0.003108,Domestic,
1111,0.003203,Domestic,
1111,0.00333,Domestic,
1111,0.003551,Domestic,
1111,0.004027,Domestic,
1111,0.00501,Domestic,
1111,0.0052,Domestic,
1111,0.005549,Domestic,
1111,0.005644,Domestic,
1111,0.006722,Domestic,
1111,0.008974,Domestic,
